Назва,сезон,бренд,назва моделі
,,,
https://prokoleso.ua/ua/shiny/bridgestone/turanza-t005a/,лето,Bridgestone,Turanza t005a
https://prokoleso.ua/ua/shiny/matador/hectorra-5/,лето,Matador,Hectorra 5
https://prokoleso.ua/ua/shiny/bridgestone/turanza-6/,лето,Bridgestone,Turanza 6
https://prokoleso.ua/ua/shiny/continental/contipremiumcontact-6/,лето,Continental,ContiPremiumContact 6
https://prokoleso.ua/ua/shiny/bridgestone/turanza-t005/,лето,Bridgestone,Turanza T005
https://prokoleso.ua/ua/shiny/michelin/pilot-sport-4s/,лето,Michelin,Pilot Sport 4S
https://prokoleso.ua/ua/shiny/michelin/latitude-cross/,лето,Michelin,Latitude Cross
https://prokoleso.ua/ua/shiny/michelin/latitude-sport-3/,лето,Michelin,Latitude Sport 3
https://prokoleso.ua/ua/shiny/bridgestone/alenza-001/,лето,Bridgestone,Alenza 001
https://prokoleso.ua/ua/shiny/rydanz/raxus-r07/,лето,Rydanz,Raxus R07
https://prokoleso.ua/ua/shiny/rydanz/reac-r05/,лето,Rydanz,REAC R05
https://prokoleso.ua/ua/shiny/rydanz/roadster-r02/,лето,Rydanz,ROADSTER R02
https://prokoleso.ua/shiny/doublestar/dl01/,лето,Doublestar,LTECH DL01
https://prokoleso.ua/shiny/doublestar/dss02/,лето,Doublestar,HTTECH DSS02
https://prokoleso.ua/ua/shiny/matador/hectorra-van/,лето,Matador,Hectorra Van
https://prokoleso.ua/shiny/orium/ultra-high-performance/,лето,Orium,Ultra High Performance...
https://prokoleso.ua/ua/shiny/hankook/dynapro-hpx-ra43/,лето,Hankook,Dynapro HPX RA43
https://prokoleso.ua/ua/shiny/michelin/pilot-sport-4/,лето,Michelin,Pilot Sport 4
https://prokoleso.ua/ua/shiny/michelin/primacy-4/,лето,Michelin,Primacy 4
https://prokoleso.ua/ua/shiny/michelin/pilot-sport-5/,лето,Michelin,Pilot Sport 5
https://prokoleso.ua/ua/shiny/michelin/primacy-4-plus/,лето,Michelin,Primacy 4+
https://prokoleso.ua/ua/shiny/michelin/agilis-3/,лето,Michelin,Agilis 3
https://prokoleso.ua/ua/shiny/firestone/roadhawk/,лето,Firestone,Roadhawk
https://prokoleso.ua/ua/shiny/firestone/roadhawk-2/,лето,Firestone,Roadhawk 2
https://prokoleso.ua/ua/shiny/firestone/vanhawk-3/,лето,Firestone,VANHAWK 3
https://prokoleso.ua/shiny/doublestar/maximum-dh03/,лето,Doublestar,Maximum DH03
https://prokoleso.ua/shiny/doublestar/maximum-dh08/,лето,Doublestar,Maximum DH08
https://prokoleso.ua/ua/shiny/michelin/latitude-tour-hp/,лето,Michelin,Latitude Tour HP
https://prokoleso.ua/ua/shiny/continental/ultracontact-uc6/,лето,Continental,ULTRACONTACT UC6
https://prokoleso.ua/ua/shiny/continental/contipremiumcontact-5/,лето,Continental,ContiPremiumContact 5
https://prokoleso.ua/ua/shiny/continental/contiecocontact-6/,лето,Continental,ContiEcoContact 6
https://prokoleso.ua/ua/shiny/continental/contiultracontact/,лето,Continental,ContiUltraContact
https://prokoleso.ua/ua/shiny/continental/premiumcontact-7/,лето,Continental,PremiumContact 7
https://prokoleso.ua/ua/shiny/continental/sportcontact-7/,лето,Continental,SportContact 7
https://prokoleso.ua/ua/shiny/firestone/vanhawk-2/,лето,Firestone,Vanhawk 2
https://prokoleso.ua/ua/shiny/continental/contisportcontact-5p/,лето,Continental,ContiSportContact 5P
https://prokoleso.ua/ua/shiny/continental/conticrosscontact-lx/,лето,Continental,ContiCrossContact LX
https://prokoleso.ua/ua/shiny/continental/contisportcontact-5/,лето,Continental,ContiSportContact 5
https://prokoleso.ua/ua/shiny/michelin/pilot-sport-3/,лето,Michelin,Pilot Sport 3
https://prokoleso.ua/ua/shiny/continental/conticrosscontact-lx2/,лето,Continental,ContiCrossContact LX2
https://prokoleso.ua/shiny/aplus/a609/,лето,Aplus,A609
https://prokoleso.ua/shiny/aplus/a919/,лето,Aplus,A919
https://prokoleso.ua/shiny/aplus/a610/,лето,Aplus,A610
https://prokoleso.ua/shiny/apollo/alnac-4g/,лето,Apollo,ALNAC 4G
https://prokoleso.ua/shiny/apollo/amazer-xp/,лето,Apollo,AMAZER XP
https://prokoleso.ua/shiny/apollo/apterra-ht2/,лето,Apollo,Apterra HT2
https://prokoleso.ua/shiny/apollo/aspire-4gplus/,лето,Apollo,ASPIRE 4G+
https://prokoleso.ua/shiny/austone/asr71/,лето,Austone,ASR71
https://prokoleso.ua/shiny/austone/athena-sp-303/,лето,Austone,Athena SP-303
https://prokoleso.ua/shiny/austone/athena-sp-701/,лето,Austone,Athena SP-701
https://prokoleso.ua/shiny/austone/athena-sp-801/,лето,Austone,Athena SP-801
https://prokoleso.ua/shiny/austone/athena-sp-802/,лето,Austone,Athena SP-802
https://prokoleso.ua/shiny/barum/bravuris-5/,лето,Barum,Bravuris 5
https://prokoleso.ua/shiny/barum/bravuris-4x4/,лето,Barum,Bravuris 4X4
https://prokoleso.ua/shiny/barum/bravuris-5-hm/,лето,Barum,Bravuris 5 HM
https://prokoleso.ua/shiny/barum/bravuris-6/,лето,Barum,BRAVURIS 6
https://prokoleso.ua/ua/shiny/continental/contiwintercontact-850-p/,лето,Continental,sContact
https://prokoleso.ua/ua/shiny/continental/contipremiumcontact-5-suv/,лето,Continental,ContiPremiumContact 5 SUV
https://prokoleso.ua/ua/shiny/continental/contisportcontact-6/,лето,Continental,ContiSportContact 6
https://prokoleso.ua/ua/shiny/continental/contiecocontact-5/,лето,Continental,Contiecocontact 5
https://prokoleso.ua/ua/shiny/continental/contisportcontact-5-suv/,лето,Continental,ContiSportContact 5 SUV
https://prokoleso.ua/ua/shiny/continental/vancontact-eco/,лето,Continental,VanContact Eco
https://prokoleso.ua/ua/shiny/continental/ecocontact-6-q/,лето,Continental,EcoContact 6 Q
https://prokoleso.ua/ua/shiny/continental/crosscontact-h-t/,лето,Continental,CrossContact H/T
https://prokoleso.ua/ua/shiny/continental/contiultracontact-nxt/,лето,Continental,ContiUltraContact NXT
https://prokoleso.ua/ua/shiny/continental/contiecocontact-6q/,лето,Continental,ContiEcoContact 6Q
https://prokoleso.ua/ua/shiny/continental/vancontact-ultra/,лето,Continental,VanContact Ultra
https://prokoleso.ua/shiny/firemax/fm501-a-t/,лето,Firemax,FM501 A/T
https://prokoleso.ua/shiny/firemax/fm518/,лето,Firemax,FM518
https://prokoleso.ua/shiny/firemax/fm601/,лето,Firemax,FM601
https://prokoleso.ua/shiny/firemax/fm913/,лето,Firemax,FM913
https://prokoleso.ua/shiny/firemax/fm916/,лето,Firemax,FM916
https://prokoleso.ua/ua/shiny/fronway/ecogreen-55/,лето,Fronway,Ecogreen 55
https://prokoleso.ua/ua/shiny/fronway/ecogreen-66/,лето,Fronway,Ecogreen 66
https://prokoleso.ua/ua/shiny/fronway/eurus-07/,лето,Fronway,Eurus 07
https://prokoleso.ua/ua/shiny/fronway/eurus-08/,лето,Fronway,Eurus 08
https://prokoleso.ua/ua/shiny/fronway/roadpower-h-t/,лето,Fronway,Roadpower H/T
https://prokoleso.ua/ua/shiny/fulda/conveo-tour-2/,лето,Fulda,Conveo Tour 2
https://prokoleso.ua/ua/shiny/fulda/ecocontrol/,лето,Fulda,Ecocontrol
https://prokoleso.ua/ua/shiny/fulda/ecocontrol-hp/,лето,Fulda,EcoControl HP
https://prokoleso.ua/ua/shiny/fulda/ecocontrol-hp-2/,лето,Fulda,EcoControl HP 2
https://prokoleso.ua/ua/shiny/fulda/ecocontrol-suv/,лето,Fulda,EcoControl SUV
https://prokoleso.ua/ua/shiny/fulda/sportcontrol/,лето,Fulda,SportControl
https://prokoleso.ua/ua/shiny/fulda/sportcontrol-2/,лето,Fulda,SportControl 2
https://prokoleso.ua/ua/shiny/general/grabber-gt/,лето,General,Grabber GT
https://prokoleso.ua/ua/shiny/general/grabber-gt/,лето,General,Grabber GT +
https://prokoleso.ua/ua/shiny/general/grabber-hp/,лето,General,Grabber HP
https://prokoleso.ua/ua/shiny/general/grabber-hts60/,лето,General,GRABBER HTS60
https://prokoleso.ua/ua/shiny/general/grabber-uhp/,лето,General,Grabber UHP
https://prokoleso.ua/ua/shiny/gislaved/ultra-speed-2/,лето,Gislaved,ULTRA SPEED 2
https://prokoleso.ua/ua/shiny/gislaved/ultra-speed/,лето,Gislaved,ULTRA SPEED
https://prokoleso.ua/ua/shiny/goodyear/eagle-f1-asymmetric-5/,лето,Goodyear,Eagle F1 Asymmetric 5
https://prokoleso.ua/ua/shiny/goodyear/eagle-f1-asymmetric-6/,лето,Goodyear,Eagle F1 Asymmetric 6
https://prokoleso.ua/ua/shiny/goodyear/efficientgrip-2-suv/,лето,Goodyear,EfficientGrip 2 SUV
https://prokoleso.ua/ua/shiny/goodyear/efficientgrip-compact-2/,лето,Goodyear,EfficientGrip Compact 2
https://prokoleso.ua/ua/shiny/goodyear/eagle-f1-asymmetric-6/,лето,Goodyear,Eagle F1 Asymmetric 6+
https://prokoleso.ua/ua/shiny/goodyear/eagle-f1-asymmetric-suv/,лето,Goodyear,Eagle F1 Asymmetric SUV
https://prokoleso.ua/ua/shiny/goodyear/eagle-f1-supersport/,лето,Goodyear,Eagle F1 SUPERSPORT
https://prokoleso.ua/ua/shiny/goodyear/efficientgrip-cargo-2/,лето,Goodyear,EFFICIENTGRIP CARGO 2
https://prokoleso.ua/ua/shiny/goodyear/efficientgrip-compact/,лето,Goodyear,EfficientGrip Compact
https://prokoleso.ua/ua/shiny/goodyear/efficientgrip-perfomance-2/,лето,Goodyear,EfficientGrip Performance 2
https://prokoleso.ua/ua/shiny/grenlander/colo-h01/,лето,Grenlander,Colo H01
https://prokoleso.ua/ua/shiny/grenlander/colo-h02/,лето,Grenlander,Colo H02
https://prokoleso.ua/ua/shiny/grenlander/dias-zero/,лето,Grenlander,Dias-Zero
https://prokoleso.ua/ua/shiny/grenlander/enri-u08/,лето,Grenlander,Enri U08
https://prokoleso.ua/ua/shiny/grenlander/l-comfort-68/,лето,Grenlander,L-Comfort 68
https://prokoleso.ua/ua/shiny/grenlander/l-grip16/,лето,Grenlander,L-GRIP16
https://prokoleso.ua/ua/shiny/grenlander/l-max9/,лето,Grenlander,L-MAX9
https://prokoleso.ua/ua/shiny/grenlander/l-strong36/,лето,Grenlander,L-Strong36
https://prokoleso.ua/ua/shiny/grenlander/l-zeal-56/,лето,Grenlander,L-Zeal 56
https://prokoleso.ua/ua/shiny/grenlander/maho-79/,лето,Grenlander,MAHO 79
https://prokoleso.ua/ua/shiny/habilead/comfotrmax-as-h202/,лето,Habilead,ComfortMax AS H202
https://prokoleso.ua/ua/shiny/habilead/h206/,лето,Habilead,H206
https://prokoleso.ua/ua/shiny/habilead/hf330/,лето,Habilead,HF330
https://prokoleso.ua/ua/shiny/habilead/rs01-durablemax/,лето,Habilead,RS01 DurableMax
https://prokoleso.ua/ua/shiny/habilead/rs21/,лето,Habilead,RS21
https://prokoleso.ua/ua/shiny/habilead/rs26/,лето,Habilead,RS26
https://prokoleso.ua/ua/shiny/habilead/s2000/,лето,Habilead,S2000
https://prokoleso.ua/ua/shiny/hankook/kinergy-eco-2-k435/,лето,Hankook,Kinergy Eco 2 K435
https://prokoleso.ua/ua/shiny/hankook/vantra-lt-ra18/,лето,Hankook,Vantra LT RA18
https://prokoleso.ua/ua/shiny/hankook/ventus-evo-k137a/,лето,Hankook,Ventus evo K137A
https://prokoleso.ua/ua/shiny/hankook/ventus-prime-3-k125/,лето,Hankook,Ventus Prime 3 K125
https://prokoleso.ua/ua/shiny/hankook/ventus-prime-4-k135/,лето,Hankook,Ventus Prime 4 K135
https://prokoleso.ua/ua/shiny/hankook/ventus-prime-4-k135a/,лето,Hankook,Ventus Prime 4 K135A
https://prokoleso.ua/ua/shiny/hankook/ventus-s1-evo2-k117/,лето,Hankook,Ventus S1 Evo2 K117
https://prokoleso.ua/ua/shiny/hankook/ventus-s1-evo3-k127/,лето,Hankook,VENTUS S1 EVO3 K127
https://prokoleso.ua/ua/shiny/hankook/ventus-s1-evo2-k117a/,лето,Hankook,Ventus S1 evo2 K117A
https://prokoleso.ua/ua/shiny/hankook/ventus-s1-evo3-suv-k127e/,лето,Hankook,Ventus S1 Evo3 SUV K127E
https://prokoleso.ua/ua/shiny/hankook/dynapro-hp2-ra33/,лето,Hankook,Dynapro HP2 RA33
https://prokoleso.ua/ua/shiny/hankook/ion-evo-ik01/,лето,Hankook,iON evo IK01
https://prokoleso.ua/ua/shiny/hankook/ion-evo-ik01a/,лето,Hankook,iON evo IK01A
https://prokoleso.ua/ua/shiny/hankook/ventus-s1-evo3-suv-k127e/,лето,Hankook,Ventus Evo3 K127E
https://prokoleso.ua/ua/shiny/hankook/ventus-prime-3-k125b/,лето,Hankook,Ventus Prime 3 K125B
https://prokoleso.ua/ua/shiny/hankook/ventus-s1-evo-3-k127e/,лето,Hankook,Ventus S1 Evo 3 K127E
https://prokoleso.ua/ua/shiny/hankook/ventus-s1-evo-z-k129/,лето,Hankook,Ventus S1 evo Z K129
https://prokoleso.ua/ua/shiny/hankook/ventus-s1-evo4-k137/,лето,Hankook,Ventus S1 Evo4 K137
https://prokoleso.ua/ua/shiny/hankook/ventus-s1-evo4-k137a/,лето,Hankook,Ventus S1 Evo4 K137A
https://prokoleso.ua/ua/shiny/hankook/ventus-s1-evo4-x-k137a/,лето,Hankook,Ventus S1 Evo4 X K137A
https://prokoleso.ua/ua/shiny/hifly/hf201/,лето,Hifly,HF201
https://prokoleso.ua/ua/shiny/kapsen/e300/,лето,Kapsen,E300
https://prokoleso.ua/ua/shiny/kapsen/h202/,лето,Kapsen,H202.
https://prokoleso.ua/ua/shiny/kapsen/hd918/,лето,Kapsen,HD918
https://prokoleso.ua/ua/shiny/kapsen/hp7/,лето,Kapsen,HP7
https://prokoleso.ua/ua/shiny/kapsen/k3000/,лето,Kapsen,K3000.
https://prokoleso.ua/ua/shiny/kapsen/rassurer-k737/,лето,Kapsen,Rassurer K737.
https://prokoleso.ua/ua/shiny/kapsen/rs01-durablemax/,лето,Kapsen,RS01 DurableMax.
https://prokoleso.ua/ua/shiny/kapsen/rs07/,лето,Kapsen,RS07
https://prokoleso.ua/ua/shiny/kapsen/rs21/,лето,Kapsen,Rs21.
https://prokoleso.ua/ua/shiny/kapsen/rs26/,лето,Kapsen,RS26.
https://prokoleso.ua/ua/shiny/kapsen/s801/,лето,Kapsen,S801.
https://prokoleso.ua/ua/shiny/kapsen/sportmax-s2000/,лето,Kapsen,SportMax S2000
https://prokoleso.ua/ua/shiny/kleber/dynaxer-hp3/,лето,Kleber,Dynaxer HP3
https://prokoleso.ua/ua/shiny/kleber/dynaxer-hp4/,лето,Kleber,Dynaxer HP4
https://prokoleso.ua/ua/shiny/kleber/dynaxer-hp5/,лето,Kleber,Dynaxer HP5
https://prokoleso.ua/ua/shiny/kleber/dynaxer-suv/,лето,Kleber,DYNAXER SUV
https://prokoleso.ua/ua/shiny/kleber/dynaxer-uhp/,лето,Kleber,Dynaxer UHP
https://prokoleso.ua/ua/shiny/kleber/transpro/,лето,Kleber,Transpro
https://prokoleso.ua/ua/shiny/kleber/transpro-2/,лето,Kleber,Transpro 2
https://prokoleso.ua/ua/shiny/kormoran/cargospeed-evo/,лето,Kormoran,CargoSpeed Evo
https://prokoleso.ua/ua/shiny/kormoran/road-performance/,лето,Kormoran,Road Performance
https://prokoleso.ua/ua/shiny/kormoran/road-terrain/,лето,Kormoran,Road Terrain.
https://prokoleso.ua/ua/shiny/kormoran/road/,лето,Kormoran,Road.
https://prokoleso.ua/ua/shiny/kormoran/summer-3/,лето,Kormoran,Summer 3
https://prokoleso.ua/ua/shiny/kormoran/suv-summer/,лето,Kormoran,SUV Summer
https://prokoleso.ua/ua/shiny/kormoran/ultra-high-performance/,лето,Kormoran,Ultra High Performance....
https://prokoleso.ua/ua/shiny/kormoran/vanpro-b2/,лето,Kormoran,VanPro B2
https://prokoleso.ua/shiny/kumho/ecowing-es31/,лето,Kumho,Ecowing ES31
https://prokoleso.ua/shiny/kumho/ecsta-hs51/,лето,Kumho,Ecsta HS51
https://prokoleso.ua/shiny/kumho/solus-ecsta-hs51/,лето,Kumho,Solus (Ecsta) HS51
https://prokoleso.ua/shiny/kumho/ecsta-ps71/,лето,Kumho,Ecsta PS71
https://prokoleso.ua/shiny/kumho/crugen-premium-kl33/,лето,Kumho,Crugen Premium KL33
https://prokoleso.ua/shiny/kumho/hs52/,лето,Kumho,Ecsta HS52
https://prokoleso.ua/shiny/kumho/ecsta-ps71-suv/,лето,Kumho,Ecsta PS71 SUV
https://prokoleso.ua/shiny/kumho/ecsta-ps31/,лето,Kumho,Ecsta ps31
https://prokoleso.ua/ua/shiny/lassa/driveways/,лето,Lassa,Driveways
https://prokoleso.ua/ua/shiny/lassa/driveways-sport/,лето,Lassa,DRIVEWAYS SPORT
https://prokoleso.ua/ua/shiny/lassa/greenways/,лето,Lassa,Greenways
https://prokoleso.ua/ua/shiny/lassa/revola/,лето,Lassa,REVOLA
https://prokoleso.ua/ua/shiny/lassa/transway-2/,лето,Lassa,Transway 2
https://prokoleso.ua/ua/shiny/lassa/transway-3/,лето,Lassa,TRANSWAY 3
https://prokoleso.ua/ua/shiny/lassa/competus-h-l/,лето,Lassa,Competus H/L
https://prokoleso.ua/ua/shiny/lassa/competus-h-p-3/,лето,Lassa,COMPETUS H/P 3
https://prokoleso.ua/ua/shiny/lassa/driveways-sport/,лето,Lassa,DRIVEWAYS SPORT +
https://prokoleso.ua/ua/shiny/lassa/transway-a-t/,лето,Lassa,TRANSWAY A/T
https://prokoleso.ua/ua/shiny/laufenn/g-fit-eq-lk41/,лето,Laufenn,G-Fit EQ LK41
https://prokoleso.ua/ua/shiny/laufenn/s-fit-eq-plus-lk01/,лето,Laufenn,S Fit EQ+ LK01
https://prokoleso.ua/ua/shiny/laufenn/x-fit-van-lv01/,лето,Laufenn,X Fit Van LV01
https://prokoleso.ua/ua/shiny/laufenn/g-fit-eq-plus-lk41/,лето,Laufenn,G-Fit EQ+ LK41
https://prokoleso.ua/ua/shiny/laufenn/s-fit-eq-lk01/,лето,Laufenn,S FIT EQ LK01
https://prokoleso.ua/ua/shiny/leao/nova-force-acro/,лето,Leao,NOVA-FORCE ACRO
https://prokoleso.ua/ua/shiny/leao/nova-force-c-s/,лето,Leao,NOVA-FORCE C/S
https://prokoleso.ua/ua/shiny/leao/nova-force-hp100/,лето,Leao,NOVA-FORCE HP100
https://prokoleso.ua/ua/shiny/marshal/hp91/,лето,Marshal,HP91
https://prokoleso.ua/ua/shiny/matador/mp47-hectorra-3/,лето,Matador,MP47 Hectorra 3
https://prokoleso.ua/ua/shiny/michelin/primacy-5/,лето,Michelin,Primacy 5
https://prokoleso.ua/ua/shiny/michelin/primacy-suv/,лето,Michelin,Primacy SUV
https://prokoleso.ua/ua/shiny/michelin/pilot-primacy/,лето,Michelin,Pilot Primacy
https://prokoleso.ua/ua/shiny/michelin/primacy-hp/,лето,Michelin,Primacy HP
https://prokoleso.ua/ua/shiny/michelin/latitude-sport-4-suv/,лето,Michelin,Latitude sport 4 suv
https://prokoleso.ua/ua/shiny/michelin/pilot-sport-4-suv/,лето,Michelin,Pilot Sport 4 SUV
https://prokoleso.ua/ua/shiny/michelin/pilot-super-sport/,лето,Michelin,Pilot Super Sport
https://prokoleso.ua/ua/shiny/michelin/agilis/,лето,Michelin,Agilis+
https://prokoleso.ua/ua/shiny/michelin/latitude-tour/,лето,Michelin,Latitude tour
https://prokoleso.ua/ua/shiny/michelin/e-primacy/,лето,Michelin,e-Primacy
https://prokoleso.ua/ua/shiny/michelin/pilot-sport-ev/,лето,Michelin,Pilot Sport EV
https://prokoleso.ua/ua/shiny/michelin/pilot-sport-5s/,лето,Michelin,Pilot Sport 5S
https://prokoleso.ua/shiny/nexen/classe-premiere-671/,лето,Nexen,Classe Premiere 671
https://prokoleso.ua/shiny/nexen/n-blue-hd/,лето,Nexen,N'Blue HD
https://prokoleso.ua/shiny/nexen/n-fera-ru5/,лето,Nexen,N'FERA RU5
https://prokoleso.ua/shiny/nexen/roadian-hp/,лето,Nexen,ROADIAN HP
https://prokoleso.ua/shiny/nexen/classe-premiere-643a/,лето,Nexen,Classe Premiere 643A
https://prokoleso.ua/shiny/nexen/n-blue-eco/,лето,Nexen,N'Blue Eco
https://prokoleso.ua/shiny/nexen/n-blue-hd-plus/,лето,Nexen,N'Blue HD Plus
https://prokoleso.ua/shiny/nexen/n-fera-au5/,лето,Nexen,N'FERA AU5
https://prokoleso.ua/shiny/nexen/n-fera-ru1/,лето,Nexen,N'FERA RU1
https://prokoleso.ua/shiny/nexen/n-fera-sport-su2/,лето,Nexen,N'Fera Sport SU2
https://prokoleso.ua/shiny/nexen/n-fera-su1/,лето,Nexen,N'FERA SU1
https://prokoleso.ua/shiny/nexen/n-priz-rh7/,лето,Nexen,N'PRIZ RH7
https://prokoleso.ua/shiny/nexen/nfera-sport/,лето,Nexen,NFera Sport
https://prokoleso.ua/shiny/nexen/nfera-sport/,лето,Nexen,NFera Sport SUV
https://prokoleso.ua/shiny/nexen/roadian-gtx/,лето,Nexen,ROADIAN GTX
https://prokoleso.ua/shiny/nexen/roadian-h-t/,лето,Nexen,Roadian H/T
https://prokoleso.ua/ua/shiny/nokian/nordman-s-suv/,лето,Nokian Tyres,Nordman S SUV
https://prokoleso.ua/ua/shiny/nokian/nordman-s2-suv/,лето,Nokian Tyres,Nordman S2 SUV
https://prokoleso.ua/ua/shiny/nokian/nordman-sx2/,лето,Nokian Tyres,Nordman SX2
https://prokoleso.ua/ua/shiny/nokian/nordman-sx3/,лето,Nokian Tyres,Nordman sx3
https://prokoleso.ua/ua/shiny/nokian/nordman-sz/,лето,Nokian Tyres,Nordman SZ
https://prokoleso.ua/ua/shiny/nokian/nordman-sz2/,лето,Nokian Tyres,Nordman SZ2
https://prokoleso.ua/ua/shiny/nokian/nordman-sx/,лето,Nokian Tyres,Nordman SX
https://prokoleso.ua/ua/shiny/nokian/hakka-black-2/,лето,Nokian Tyres,Hakka Black 2
https://prokoleso.ua/ua/shiny/nokian/hakka-black-2-suv/,лето,Nokian Tyres,Hakka Black 2 SUV
https://prokoleso.ua/ua/shiny/nokian/hakka-blue-2/,лето,Nokian Tyres,Hakka Blue 2
https://prokoleso.ua/ua/shiny/nokian/hakka-blue-2-suv/,лето,Nokian Tyres,Hakka Blue 2 SUV
https://prokoleso.ua/ua/shiny/nokian/hakka-blue-3/,лето,Nokian Tyres,Hakka Blue 3
https://prokoleso.ua/ua/shiny/nokian/hakka-green-3/,лето,Nokian Tyres,Hakka Green 3
https://prokoleso.ua/ua/shiny/nokian/powerproof-1/,лето,Nokian Tyres,Powerproof 1
https://prokoleso.ua/ua/shiny/nokian/rockproof/,лето,Nokian Tyres,Rockproof
https://prokoleso.ua/ua/shiny/nokian/rotiiva-a-t/,лето,Nokian Tyres,Rotiiva A/T
https://prokoleso.ua/ua/shiny/nokian/rotiiva-a-t-plus/,лето,Nokian Tyres,Rotiiva A/T Plus
https://prokoleso.ua/ua/shiny/nokian/wetproof-1/,лето,Nokian Tyres,Wetproof 1
https://prokoleso.ua/ua/shiny/nokian/hakka-black-suv/,лето,Nokian Tyres,Hakka Black SUV
https://prokoleso.ua/ua/shiny/nokian/hakka-blue/,лето,Nokian Tyres,Hakka Blue
https://prokoleso.ua/ua/shiny/nokian/hakka-c-van/,лето,Nokian Tyres,Hakka c van
https://prokoleso.ua/ua/shiny/nokian/hakka-green/,лето,Nokian Tyres,Hakka green
https://prokoleso.ua/shiny/orium/701/,лето,Orium,701
https://prokoleso.ua/shiny/orium/cargospeedevo/,лето,Orium,CARGOSPEEDEVO
https://prokoleso.ua/shiny/orium/high-performance/,лето,Orium,High Performance.....
https://prokoleso.ua/shiny/orium/road-terrain/,лето,Orium,Road-terrain.
https://prokoleso.ua/shiny/orium/summer-3/,лето,Orium,SUMMER 3
https://prokoleso.ua/shiny/orium/touring/,лето,Orium,Touring....
https://prokoleso.ua/ua/shiny/pirelli/carrier/,лето,Pirelli,Carrier
https://prokoleso.ua/ua/shiny/pirelli/cinturato-c3/,лето,Pirelli,Cinturato C3
https://prokoleso.ua/ua/shiny/pirelli/cinturato-p1/,лето,Pirelli,Cinturato p1
https://prokoleso.ua/ua/shiny/pirelli/cinturato-p1-verde/,лето,Pirelli,Cinturato P1 Verde
https://prokoleso.ua/ua/shiny/pirelli/cinturato-p7/,лето,Pirelli,Cinturato P7
https://prokoleso.ua/ua/shiny/pirelli/cinturato-p7-blue/,лето,Pirelli,Cinturato P7 BLUE
https://prokoleso.ua/ua/shiny/pirelli/cinturato-p7-p7c2/,лето,Pirelli,Cinturato P7 P7C2
https://prokoleso.ua/ua/shiny/pirelli/powergy/,лето,Pirelli,POWERGY
https://prokoleso.ua/ua/shiny/pirelli/pzero/,лето,Pirelli,PZero
https://prokoleso.ua/ua/shiny/pirelli/pzero-pz3/,лето,Pirelli,PZero PZ3
https://prokoleso.ua/ua/shiny/pirelli/pzero-pz4/,лето,Pirelli,PZero PZ4
https://prokoleso.ua/ua/shiny/pirelli/pzero-pz4-luxury-saloon/,лето,Pirelli,PZero PZ4 Luxury Saloon
https://prokoleso.ua/ua/shiny/pirelli/pzero-pz4-sports-car/,лето,Pirelli,PZero PZ4 Sports Car
https://prokoleso.ua/ua/shiny/pirelli/pzero-pz5/,лето,Pirelli,PZero PZ5
https://prokoleso.ua/ua/shiny/pirelli/scorpion/,лето,Pirelli,Scorpion
https://prokoleso.ua/ua/shiny/pirelli/scorpion-verde/,лето,Pirelli,Scorpion Verde
https://prokoleso.ua/ua/shiny/pirelli/scorpion-zero/,лето,Pirelli,Scorpion Zero
https://prokoleso.ua/ua/shiny/premiorri/solazo/,лето,Premiorri,Solazo
https://prokoleso.ua/ua/shiny/premiorri/solazo-s-plus/,лето,Premiorri,Solazo S Plus
https://prokoleso.ua/ua/shiny/roadstone/classe-premiere-661/,лето,Roadstone,CLASSE PREMIERE 661.
https://prokoleso.ua/ua/shiny/roadstone/classe-premiere-cp321/,лето,Roadstone,Classe Premiere CP321
https://prokoleso.ua/ua/shiny/roadstone/classe-premiere-cp641/,лето,Roadstone,Classe premiere cp641
https://prokoleso.ua/ua/shiny/roadstone/n6000/,лето,Roadstone,N6000
https://prokoleso.ua/ua/shiny/roadstone/n8000/,лето,Roadstone,N8000.
https://prokoleso.ua/ua/shiny/roadstone/n9000/,лето,Roadstone,N9000
https://prokoleso.ua/ua/shiny/roadstone/nblue-hd-plus/,лето,Roadstone,NBlue HD Plus
https://prokoleso.ua/ua/shiny/roadstone/nfera-au5/,лето,Roadstone,NFERA AU5
https://prokoleso.ua/ua/shiny/roadstone/nfera-ru5/,лето,Roadstone,NFera RU5
https://prokoleso.ua/ua/shiny/roadstone/nfera-su1/,лето,Roadstone,NFERA SU1
https://prokoleso.ua/ua/shiny/roadstone/nfera-ru1/,лето,Roadstone,NFERA-RU1
https://prokoleso.ua/ua/shiny/roadstone/classe-premiere-cp672/,лето,Roadstone,Classe Premiere CP672
https://prokoleso.ua/ua/shiny/roadstone/eurovis-hp02/,лето,Roadstone,Eurovis HP02
https://prokoleso.ua/ua/shiny/roadstone/n-fera-au5/,лето,Roadstone,N’fera au5
https://prokoleso.ua/ua/shiny/roadstone/n5000-plus/,лето,Roadstone,N5000 Plus
https://prokoleso.ua/ua/shiny/roadstone/nblue-eco/,лето,Roadstone,NBlue Eco
https://prokoleso.ua/ua/shiny/roadstone/roadian-hp/,лето,Roadstone,ROADIAN HP.
https://prokoleso.ua/ua/shiny/rosava/itegro/,лето,Rosava,Itegro
https://prokoleso.ua/ua/shiny/rydanz/raleigh-r06/,лето,Rydanz,RALEIGH R06
https://prokoleso.ua/ua/shiny/rydanz/revimax-r03/,лето,Rydanz,REVIMAX R03
https://prokoleso.ua/ua/shiny/rydanz/revimax-r23/,лето,Rydanz,Revimax r23
https://prokoleso.ua/shiny/sailun/atrezzo-r01-sport/,лето,Sailun,ATREZZO R01 SPORT
https://prokoleso.ua/shiny/sailun/atrezzo-eco/,лето,Sailun,ATREZZO ECO
https://prokoleso.ua/shiny/sailun/atrezzo-elite/,лето,Sailun,ATREZZO ELITE
https://prokoleso.ua/shiny/sailun/atrezzo-elite-2/,лето,Sailun,ATREZZO ELITE 2
https://prokoleso.ua/shiny/sailun/atrezzo-zsr/,лето,Sailun,ATREZZO ZSR
https://prokoleso.ua/shiny/sailun/atrezzo-zsr-suv/,лето,Sailun,ATREZZO ZSR SUV
https://prokoleso.ua/shiny/sailun/atrezzo-zsr2/,лето,Sailun,ATREZZO ZSR2
https://prokoleso.ua/shiny/sailun/commercio-pro/,лето,Sailun,COMMERCIO PRO
https://prokoleso.ua/shiny/sailun/terramax-cvr/,лето,Sailun,TERRAMAX CVR
https://prokoleso.ua/shiny/sava/intensa-2/,лето,Sava,Intensa 2
https://prokoleso.ua/shiny/sava/intensa-hp/,лето,Sava,Intensa HP
https://prokoleso.ua/shiny/sava/intensa-hp-2/,лето,Sava,Intensa HP 2
https://prokoleso.ua/shiny/sava/intensa-suv/,лето,Sava,Intensa suv
https://prokoleso.ua/shiny/sava/intensa-suv-2/,лето,Sava,Intensa SUV 2
https://prokoleso.ua/shiny/sava/intensa-uhp-2/,лето,Sava,Intensa UHP 2
https://prokoleso.ua/shiny/sava/perfecta/,лето,Sava,Perfecta
https://prokoleso.ua/shiny/sonix/l-zeal56/,лето,Sonix,L-ZEAL56
https://prokoleso.ua/shiny/sonix/prime-uhp-08/,лето,Sonix,Prime UHP 08
https://prokoleso.ua/shiny/starmaxx/incurro-st450/,лето,Starmaxx,Incurro ST450
https://prokoleso.ua/shiny/starmaxx/naturen-st542/,лето,Starmaxx,Naturen ST542
https://prokoleso.ua/shiny/starmaxx/novaro-st532/,лето,Starmaxx,Novaro ST532
https://prokoleso.ua/shiny/starmaxx/provan-st850-plus/,лето,Starmaxx,Provan ST850 Plus
https://prokoleso.ua/shiny/starmaxx/provan-st860/,лето,Starmaxx,Provan ST860
https://prokoleso.ua/shiny/starmaxx/ultrasport-st750/,лето,Starmaxx,Ultrasport ST750
https://prokoleso.ua/shiny/starmaxx/ultrasport-st760/,лето,Starmaxx,Ultrasport ST760
https://prokoleso.ua/ua/shiny/superia/ecoblu-uhp2/,лето,Superia,ECOBLU UHP2
https://prokoleso.ua/ua/shiny/superia/ecoblue-hp/,лето,Superia,EcoBlue HP
https://prokoleso.ua/ua/shiny/superia/ecoblue-suv/,лето,Superia,Ecoblue SUV
https://prokoleso.ua/ua/shiny/superia/ecoblue-uhp/,лето,Superia,EcoBlue UHP
https://prokoleso.ua/ua/shiny/superia/ecoblue-van-4s/,лето,Superia,EcoBlue Van 4S
https://prokoleso.ua/ua/shiny/taurus/ultra-high-performance/,лето,Taurus,Ultra High Performance...
https://prokoleso.ua/ua/shiny/taurus/high-performance/,лето,Taurus,HIGH PERFORMANCE...
https://prokoleso.ua/ua/shiny/taurus/touring/,лето,Taurus,TOURING..
https://prokoleso.ua/ua/shiny/taurus/701-suv/,лето,Taurus,701 SUV.
https://prokoleso.ua/ua/shiny/taurus/cargospeedevo/,лето,Taurus,CargoSpeedEVO
https://prokoleso.ua/ua/shiny/taurus/road-terrain/,лето,Taurus,ROAD-TERRAIN
https://prokoleso.ua/ua/shiny/taurus/light-truck-101/,лето,Taurus,Light truck 101
https://prokoleso.ua/ua/shiny/taurus/301-touring/,лето,Taurus,301 touring
https://prokoleso.ua/ua/shiny/taurus/401/,лето,Taurus,401.
https://prokoleso.ua/ua/shiny/tigar/summer/,лето,Tigar,Summer.
https://prokoleso.ua/ua/shiny/tigar/cargo-speed/,лето,Tigar,Cargo Speed
https://prokoleso.ua/ua/shiny/tigar/cargo-speed-evo/,лето,Tigar,Cargo Speed Evo
https://prokoleso.ua/ua/shiny/tigar/high-performance-tigar/,лето,Tigar,High Performance...
https://prokoleso.ua/ua/shiny/tigar/road-terrain/,лето,Tigar,Road Terrain..
https://prokoleso.ua/ua/shiny/tigar/summer-3/,лето,Tigar,SUMMER 3
https://prokoleso.ua/ua/shiny/tigar/summer-suv/,лето,Tigar,Summer SUV
https://prokoleso.ua/ua/shiny/tigar/touring/,лето,Tigar,TOURING.
https://prokoleso.ua/ua/shiny/tigar/ultra-high-performance/,лето,Tigar,ULTRA HIGH PERFORMANCE.
https://prokoleso.ua/ua/shiny/toyo/proxes-s-t-ii/,лето,Toyo,Proxes S/T II
https://prokoleso.ua/ua/shiny/toyo/nano-energy-3/,лето,Toyo,Nano Energy 3
https://prokoleso.ua/ua/shiny/toyo/open-country-u-t/,лето,Toyo,Open Country U/T
https://prokoleso.ua/ua/shiny/toyo/proxes-4/,лето,Toyo,Proxes 4
https://prokoleso.ua/ua/shiny/toyo/proxes-c1s/,лето,Toyo,Proxes C1S
https://prokoleso.ua/ua/shiny/toyo/proxes-cf2/,лето,Toyo,Proxes CF2
https://prokoleso.ua/ua/shiny/toyo/proxes-comfort/,лето,Toyo,PROXES COMFORT
https://prokoleso.ua/ua/shiny/toyo/proxes-r1r/,лето,Toyo,Proxes R1R
https://prokoleso.ua/ua/shiny/toyo/proxes-s-t/,лето,Toyo,Proxes S/T
https://prokoleso.ua/ua/shiny/toyo/proxes-s-t-iii/,лето,Toyo,Proxes S/T III
https://prokoleso.ua/ua/shiny/toyo/proxes-sport-2/,лето,Toyo,Proxes Sport 2
https://prokoleso.ua/ua/shiny/toyo/proxes-sport-suv/,лето,Toyo,Proxes Sport SUV
https://prokoleso.ua/ua/shiny/toyo/proxes-t1-sport/,лето,Toyo,Proxes T1 Sport
https://prokoleso.ua/ua/shiny/toyo/proxes-t1-sport-suv/,лето,Toyo,Proxes t1 sport suv
https://prokoleso.ua/shiny/triangle/advantex-suv-tr259/,лето,Triangle,AdvanteX SUV TR259
https://prokoleso.ua/shiny/triangle/advantex-tc101/,лето,Triangle,AdvanteX TC101
https://prokoleso.ua/shiny/triangle/sportex-th201/,лето,Triangle,SporteX TH201
https://prokoleso.ua/shiny/triangle/th-201/,лето,Triangle,Sportex TSH11 (TH201)
https://prokoleso.ua/shiny/triangle/te301/,лето,Triangle,TE301
https://prokoleso.ua/shiny/triangle/te307/,лето,Triangle,TE307
https://prokoleso.ua/shiny/triangle/tr928/,лето,Triangle,TR928
https://prokoleso.ua/shiny/triangle/tr968/,лето,Triangle,TR968
https://prokoleso.ua/shiny/triangle/tv701-connex-van/,лето,Triangle,TV701 ConneX Van
https://prokoleso.ua/shiny/uniroyal/rain-sport-5/,лето,Uniroyal,Rain Sport 5
https://prokoleso.ua/shiny/uniroyal/rainexpert-5/,лето,Uniroyal,RainExpert 5
https://prokoleso.ua/shiny/uniroyal/rainmax-5/,лето,Uniroyal,RainMax 5
https://prokoleso.ua/shiny/viking/protech-newgen/,лето,Viking,ProTech NewGen
https://prokoleso.ua/shiny/vredestein/comtrac2/,лето,Vredestein,COMTRAC 2 Summer
https://prokoleso.ua/shiny/vredestein/sportrac-5/,лето,Vredestein,Sportrac 5
https://prokoleso.ua/shiny/vredestein/t-trac-2/,лето,Vredestein,T-TRAC 2
https://prokoleso.ua/shiny/vredestein/ultrac/,лето,Vredestein,Ultrac
https://prokoleso.ua/shiny/vredestein/ultrac-pro/,лето,Vredestein,ULTRAC PRO
https://prokoleso.ua/shiny/vredestein/ultracplus/,лето,Vredestein,Ultrac+
https://prokoleso.ua/shiny/westlake/sa57/,лето,Westlake,SA57.
https://prokoleso.ua/shiny/westlake/sl369/,лето,Westlake,SL369
https://prokoleso.ua/shiny/yokohama/bluearth-gt-ae51/,лето,Yokohama,BluEarth GT AE51
https://prokoleso.ua/shiny/yokohama/bluearth-es-es32/,лето,Yokohama,Bluearth-es es32
https://prokoleso.ua/shiny/yokohama/advan-a052/,лето,Yokohama,Advan A052
https://prokoleso.ua/shiny/yokohama/advan-sport-v103/,лето,Yokohama,Advan Sport V103
https://prokoleso.ua/shiny/yokohama/advan-sport-v105s/,лето,Yokohama,ADVAN Sport V105S
https://prokoleso.ua/shiny/yokohama/bluearth-a-ae50/,лето,Yokohama,BluEarth-A AE50
https://prokoleso.ua/shiny/yokohama/bluearth-xt-ae61/,лето,Yokohama,BluEarth-XT AE61
https://prokoleso.ua/shiny/yokohama/decibel-e70/,лето,Yokohama,Decibel E70
https://prokoleso.ua/shiny/yokohama/geolandar-suv-g057/,лето,Yokohama,Geolandar SUV G057
https://prokoleso.ua/shiny/doublestar/ds01/,лето,Doublestar,Landrider DS01
https://prokoleso.ua/shiny/doublestar/maximum-dh05/,лето,Doublestar,Maximum DH05
https://prokoleso.ua/shiny/aplus/a606/,лето,Aplus,A606
https://prokoleso.ua/shiny/aplus/a701-hp/,лето,Aplus,A701 HP
https://prokoleso.ua/shiny/barum/bravuris-3/,лето,Barum,Bravuris 3
https://prokoleso.ua/shiny/barum/bravuris-3-hm/,лето,Barum,Bravuris 3 HM
https://prokoleso.ua/shiny/barum/svanis-2/,лето,Barum,SVANIS 2
https://prokoleso.ua/shiny/bridgestone/turanza-er30/,лето,Bridgestone,TURANZA ER30
https://prokoleso.ua/shiny/continental/comfortcontact-6/,лето,Continental,COMFORTCONTACT 6
https://prokoleso.ua/shiny/continental/contipremiumcontact-6-contisilent/,лето,Continental,ContiPremiumContact 6 ContiSilent
https://prokoleso.ua/shiny/doublestar/dh03/,лето,Doublestar,DH03
https://prokoleso.ua/shiny/doublestar/dh05/,лето,Doublestar,DH05
https://prokoleso.ua/shiny/doublestar/dsu02/,лето,Doublestar,PRTECH DSU02
https://prokoleso.ua/shiny/doublestar/du05/,лето,Doublestar,DU05
https://prokoleso.ua/shiny/doublestar/hr601/,лето,Doublestar,HR601
https://prokoleso.ua/shiny/doublestar/maximum-dh09/,лето,Doublestar,MAXIMUM DH09
https://prokoleso.ua/shiny/doublestar/maximum-dla02/,лето,Doublestar,MAXIMUM DLA02
/shiny/goodyear/eagle-f1-asymmetric-5/,лето,GoodYear,Eagle F1 Asymmetric 5
https://prokoleso.ua/shiny/goodyear/eagle-f1-supercar/,лето,GoodYear,Eagle F1 SuperCar
https://prokoleso.ua/shiny/goodyear/efficientgrip-perfomance/,лето,GoodYear,EfficientGrip Performance
https://prokoleso.ua/shiny/habilead/k3000/,лето,Habilead,K3000
https://prokoleso.ua/shiny/hankook/ventus-evo3-k127e/,лето,Hankook,Ventus Evo3 K127E
https://prokoleso.ua/shiny/hankook/ventus-evo-k137/,лето,Hankook,Ventus evo K137
https://prokoleso.ua/shiny/kapsen/comfotrmax-as-h202/,лето,Kapsen,ComfortMax AS H202
https://prokoleso.ua/shiny/kapsen/h206/,лето,Kapsen,H206
https://prokoleso.ua/shiny/kleber/dynaxer-hp4/,лето,Kleber,Dynaxer HP4
https://prokoleso.ua/shiny/kormoran/summer/,лето,Kormoran,Summer
https://prokoleso.ua/shiny/lassa/impetus-sport/,лето,Lassa,Impetus Sport
https://prokoleso.ua/shiny/laufenn/g-fit-eq-lk01/,лето,Laufenn,G-Fit EQ LK01
https://prokoleso.ua/shiny/matador/mp16/,лето,Matador,MP16
https://prokoleso.ua/shiny/matador/mp-46/,лето,Matador,MP-46
https://prokoleso.ua/shiny/matador/mp85/,лето,Matador,MP85
https://prokoleso.ua/shiny/nexen/classe-premiere-321/,лето,Nexen,Classe Premiere 321
https://prokoleso.ua/shiny/nexen/classe-premiere-661/,лето,Nexen,CLASSE PREMIERE 661
https://prokoleso.ua/shiny/nokian/hakka-van/,лето,Nokian Tyres,Hakka Van
https://prokoleso.ua/shiny/orium/301/,лето,Orium,301
https://prokoleso.ua/shiny/orium/401/,лето,Orium,401
https://prokoleso.ua/shiny/orium/suv-701/,лето,Orium,SUV 701
https://prokoleso.ua/shiny/pirelli/cinturato-p4/,лето,Pirelli,CINTURATO P4
https://prokoleso.ua/shiny/pirelli/pzero-asimmetrico/,лето,Pirelli,PZero Asimmetrico
https://prokoleso.ua/shiny/roadstone/classe-premiere-cp521/,лето,Roadstone,Classe Premiere CP521
https://prokoleso.ua/shiny/sava/trenta/,лето,Sava,Trenta
https://prokoleso.ua/shiny/sava/trenta-ms/,лето,Sava,Trenta MS
https://prokoleso.ua/shiny/starmaxx/incurro-h-t-st450/,лето,Starmaxx,Incurro H/T ST450
https://prokoleso.ua/shiny/toyo/proxes-cf1/,лето,Toyo,Proxes CF1
https://prokoleso.ua/shiny/toyo/proxes-cf1-suv/,лето,Toyo,PROXES CF1 SUV
https://prokoleso.ua/shiny/toyo/proxes-t1r/,лето,Toyo,Proxes T1R
https://prokoleso.ua/shiny/toyo/sd7/,лето,Toyo,SD7
https://prokoleso.ua/shiny/triangle/tc-101/,лето,Triangle,TC 101
https://prokoleso.ua/shiny/triangle/tr258/,лето,Triangle,TR258
https://prokoleso.ua/shiny/triangle/tr978/,лето,Triangle,TR978
https://prokoleso.ua/shiny/yokohama/advan-neova-ad08/,лето,Yokohama,Advan Neova AD08
https://prokoleso.ua/shiny/yokohama/advan-sport-v105/,лето,Yokohama,Advan Sport V105
https://prokoleso.ua/shiny/yokohama/advan-sport-v105e/,лето,Yokohama,ADVAN Sport V105E
https://prokoleso.ua/shiny/yokohama/advan-sport-v105t/,лето,Yokohama,ADVAN Sport V105T
https://prokoleso.ua/shiny/yokohama/advan-sport-v105w/,лето,Yokohama,ADVAN Sport V105W
https://prokoleso.ua/shiny/yokohama/advan-st-v802/,лето,Yokohama,Advan ST V802
https://prokoleso.ua/shiny/yokohama/aspec-a349/,лето,Yokohama,Aspec A349
https://prokoleso.ua/shiny/yokohama/bluearth-e51b/,лето,Yokohama,BluEarth E51B
https://prokoleso.ua/shiny/yokohama/geolandar-g055/,лето,Yokohama,Geolandar G055
https://prokoleso.ua/shiny/yokohama/geolandar-g057/,лето,Yokohama,Geolandar G057
https://prokoleso.ua/shiny/yokohama/geolandar-g91a/,лето,Yokohama,Geolandar G91A
https://prokoleso.ua/shiny/yokohama/geolandar-g91avx/,лето,Yokohama,Geolandar G91AVX
https://prokoleso.ua/shiny/yokohama/geolandar-g98/,лето,Yokohama,Geolandar G98
https://prokoleso.ua/shiny/yokohama/geolandar-h-t-g902/,лето,Yokohama,Geolandar H/T G902
https://prokoleso.ua/shiny/bfgoodrich/g-grip/,лето,Bfgoodrich,g-Grip
https://prokoleso.ua/shiny/strial/hp-401/,лето,Strial,HP 401
https://prokoleso.ua/shiny/taurus/light-truck-101/,лето,Taurus,Light Truck 101
https://prokoleso.ua/shiny/kormoran/summer/,лето,Kormoran,Summer..
https://prokoleso.ua/shiny/goodyear/eagle-f1-asymmetric-6/,лето,GoodYear,Eagle F1 Asymmetric 6
https://prokoleso.ua/shiny/kapsen/rs01-durablemax/,лето,Habilead,RS01 DurableMax
https://prokoleso.ua/shiny/kapsen/rs26/,лето,Habilead,RS26
https://prokoleso.ua/shiny/lassa/driveways-sport/,лето,Lassa,DRIVEWAYS SPORT
https://prokoleso.ua/shiny/michelin/agilis/,лето,Michelin,Agilis+
https://prokoleso.ua/shiny/michelin/primacy-4/,лето,Michelin,Primacy 4
https://prokoleso.ua/shiny/hankook/dynapro-hp2-plus-ra33d/,лето,Hankook,Dynapro HP2 plus RA33D
https://prokoleso.ua/ua/shiny/nokian/hakkapeliitta-10/,зима,Nokian Tyres,Hakkapeliitta 10
https://prokoleso.ua/ua/shiny/nokian/hakkapeliitta-r5/,зима,Nokian Tyres,Hakkapeliitta R5
https://prokoleso.ua/ua/shiny/nokian/snowproof-2/,зима,Nokian Tyres,Snowproof 2
https://prokoleso.ua/ua/shiny/nokian/wr-snowproof-p/,зима,Nokian Tyres,WR Snowproof P
https://prokoleso.ua/ua/shiny/bridgestone/blizzak-6/,зима,Bridgestone,Blizzak 6
https://prokoleso.ua/ua/shiny/continental/contiwintercontact-870/,зима,Continental,ContiWinterContact TS-870
https://prokoleso.ua/ua/shiny/continental/contivikingcontact-7/,зима,Continental,ContiVikingContact 7
https://prokoleso.ua/ua/shiny/continental/contiwintercontact-ts-870p/,зима,Continental,ContiWinterContact TS-870P
https://prokoleso.ua/ua/shiny/firestone/winterhawk-4/,зима,Firestone,WinterHawk 4
https://prokoleso.ua/ua/shiny/nokian/hakkapeliitta-10p/,зима,Nokian Tyres,Hakkapeliitta 10p
https://prokoleso.ua/ua/shiny/nokian/hakkapeliitta-c4/,зима,Nokian Tyres,Hakkapeliitta C4
https://prokoleso.ua/ua/shiny/nokian/hakkapeliitta-cr4/,зима,Nokian Tyres,Hakkapeliitta CR4
https://prokoleso.ua/ua/shiny/bridgestone/blizzak-lm005/,зима,Bridgestone,BLIZZAK LM005
https://prokoleso.ua/ua/shiny/nokian/snowproof-c/,зима,Nokian Tyres,Snowproof C
https://prokoleso.ua/ua/shiny/nokian/hakkapeliitta-10-suv/,зима,Nokian Tyres,Hakkapeliitta 10 SUV
https://prokoleso.ua/ua/shiny/nokian/hakkapeliitta-lt3/,зима,Nokian Tyres,Hakkapeliitta LT3
https://prokoleso.ua/ua/shiny/goodyear/ultra-grip-ice-2/,зима,Goodyear,Ultra Grip Ice 2 +
https://prokoleso.ua/ua/shiny/goodyear/ultra-grip-ice-3/,зима,Goodyear,Ultra Grip Ice 3
https://prokoleso.ua/ua/shiny/goodyear/ultra-grip-ice-arctic-2/,зима,Goodyear,Ultra Grip Ice Arctic 2
https://prokoleso.ua/ua/shiny/goodyear/ultra-grip-ice-cargo/,зима,Goodyear,Ultra Grip Ice Cargo
https://prokoleso.ua/ua/shiny/goodyear/ultra-grip-performance-3/,зима,Goodyear,Ultra Grip Performance 3
https://prokoleso.ua/ua/shiny/goodyear/ultra-grip-performance-suv-gen-1/,зима,Goodyear,Ultra Grip Performance SUV Gen-1
https://prokoleso.ua/ua/shiny/goodyear/ultragrip-9-plus/,зима,Goodyear,UltraGrip 9+
https://prokoleso.ua/ua/shiny/goodyear/ultragrip-ice-suv-gen-1/,зима,Goodyear,UltraGrip Ice SUV Gen-1
https://prokoleso.ua/ua/shiny/goodyear/ultragrip-performance/,зима,Goodyear,UltraGrip Performance+
https://prokoleso.ua/ua/shiny/nokian/wr-d4/,зима,Nokian Tyres,WR D4
https://prokoleso.ua/ua/shiny/nokian/hakkapeliitta-9/,зима,Nokian Tyres,Hakkapeliitta 9
https://prokoleso.ua/ua/shiny/goodyear/ultra-grip-cargo/,зима,Goodyear,Ultra Grip Cargo
https://prokoleso.ua/ua/shiny/goodyear/ultra-grip-performance-/,зима,Goodyear,Ultra Grip Performance +
https://prokoleso.ua/ua/shiny/goodyear/ultragrip-8/,зима,Goodyear,Ultragrip 8
https://prokoleso.ua/ua/shiny/goodyear/ultragrip-8-performance/,зима,Goodyear,Ultragrip 8 Performance
https://prokoleso.ua/ua/shiny/goodyear/ultragrip-arctic-2/,зима,Goodyear,UltraGrip Arctic 2
https://prokoleso.ua/ua/shiny/goodyear/ultragrip-ice-2/,зима,Goodyear,Ultragrip Ice 2
https://prokoleso.ua/ua/shiny/goodyear/ultragrip-ice-arctic/,зима,Goodyear,UltraGrip Ice Arctic
https://prokoleso.ua/ua/shiny/goodyear/ultragrip-suv/,зима,Goodyear,UltraGrip+ SUV
https://prokoleso.ua/ua/shiny/goodyear/wrangler-ultragrip/,зима,Goodyear,Wrangler UltraGrip
https://prokoleso.ua/ua/shiny/hankook/dynapro-i-cept-rw08/,зима,Hankook,Dynapro i*cept RW08
https://prokoleso.ua/ua/shiny/goodyear/ultra-grip-performance-suv/,зима,Goodyear,Ultra Grip Performance + SUV
https://prokoleso.ua/ua/shiny/goodyear/ultragrip-performance-gen-1/,зима,Goodyear,UltraGrip Performance Gen-1
https://prokoleso.ua/ua/shiny/continental/vikingcontact-8/,зима,Continental,ContiVikingContact 8
https://prokoleso.ua/ua/shiny/hankook/winter-i-cept-evo-2-suv-w320a/,зима,Hankook,Winter i*cept evo 2 suv w320a
https://prokoleso.ua/ua/shiny/hankook/winter-i-cept-evo-2-w320a/,зима,Hankook,Winter I*cept Evo 2 W320A
https://prokoleso.ua/ua/shiny/hankook/winter-i-cept-iz2-w616/,зима,Hankook,Winter i*Cept iZ2 W616
https://prokoleso.ua/ua/shiny/hankook/winter-i-cept-rs2-w452/,зима,Hankook,WINTER I*CEPT RS2 W452
https://prokoleso.ua/ua/shiny/matador/mp93-nordicca/,зима,Matador,MP93 Nordicca
https://prokoleso.ua/ua/shiny/matador/nordicca-van/,зима,Matador,Nordicca Van
https://prokoleso.ua/ua/shiny/rydanz/nordica-nr01/,зима,Rydanz,NORDICA NR01
https://prokoleso.ua/ua/shiny/hankook/winter-i-pike-x-w429a/,зима,Hankook,Winter i*Pike X W429A
https://prokoleso.ua/ua/shiny/hankook/winter-icept-iz-w-606/,зима,Hankook,Winter icept IZ W 606
https://prokoleso.ua/ua/shiny/hankook/winter-ipike-rs2-w429a/,зима,Hankook,Winter iPike RS2 W429A
https://prokoleso.ua/ua/shiny/hankook/winter-i-cept-rs3-w462/,зима,Hankook,WINTER I*CEPT RS3 W462
https://prokoleso.ua/ua/shiny/hankook/winter-i-cept-rs3-w462b/,зима,Hankook,WINTER I*CEPT RS3 W462B
https://prokoleso.ua/ua/shiny/hankook/winter-i-cept-rw10/,зима,Hankook,Winter I*Cept RW10
https://prokoleso.ua/ua/shiny/hankook/winter-i-pike-rs2-w429/,зима,Hankook,Winter i*Pike RS2 W429
https://prokoleso.ua/ua/shiny/hankook/winter-i-ept-rs-w442/,зима,Hankook,Winter i*Сept RS W442
https://prokoleso.ua/ua/shiny/hankook/winter-icept-evo2-w320/,зима,Hankook,Winter ICept Evo2 W320
https://prokoleso.ua/ua/shiny/hankook/winter-icept-evo2-w320b/,зима,Hankook,Winter ICept Evo2 W320B
https://prokoleso.ua/ua/shiny/hankook/winter-icept-evo3-w330/,зима,Hankook,Winter icept evo3 W330
https://prokoleso.ua/ua/shiny/hankook/winter-icept-evo3-w330a/,зима,Hankook,Winter icept evo3 W330A
https://prokoleso.ua/ua/shiny/hankook/winter-icept-evo3-w330b/,зима,Hankook,Winter icept evo3 W330B
https://prokoleso.ua/ua/shiny/hankook/winter-icept-evo3-w330c/,зима,Hankook,Winter icept evo3 W330C
https://prokoleso.ua/ua/shiny/hankook/winter-icept-iz3-w636/,зима,Hankook,Winter iCept iZ3 W636
https://prokoleso.ua/ua/shiny/hankook/winter-icept-iz3-w636a/,зима,Hankook,Winter ICept iZ3 W636A
https://prokoleso.ua/ua/shiny/hankook/winter-icept-lv-rw12/,зима,Hankook,Winter ICept LV RW12
https://prokoleso.ua/ua/shiny/laufenn/i-fit-lw31/,зима,Laufenn,I FIT LW31
https://prokoleso.ua/ua/shiny/laufenn/i-fit-plus-lw31/,зима,Laufenn,I FIT+ LW31
https://prokoleso.ua/ua/shiny/laufenn/i-fit-ice-lw71/,зима,Laufenn,I FIT Ice LW71
https://prokoleso.ua/ua/shiny/laufenn/i-fit-van-ly31/,зима,Laufenn,i Fit Van LY31
https://prokoleso.ua/ua/shiny/pirelli/carrier-winter/,зима,Pirelli,Carrier Winter
https://prokoleso.ua/ua/shiny/pirelli/cinturato-winter/,зима,Pirelli,Cinturato Winter
https://prokoleso.ua/ua/shiny/pirelli/cinturato-winter-2/,зима,Pirelli,Cinturato Winter 2
https://prokoleso.ua/ua/shiny/pirelli/ice-zero/,зима,Pirelli,Ice Zero
https://prokoleso.ua/ua/shiny/pirelli/ice-zero-2/,зима,Pirelli,Ice Zero 2
https://prokoleso.ua/ua/shiny/pirelli/ice-zero-asimmetrico/,зима,Pirelli,Ice Zero Asimmetrico
https://prokoleso.ua/ua/shiny/pirelli/powergy-winter/,зима,Pirelli,POWERGY WINTER
https://prokoleso.ua/ua/shiny/pirelli/pzero-winter/,зима,Pirelli,PZero Winter
https://prokoleso.ua/ua/shiny/pirelli/pzero-winter-2/,зима,Pirelli,PZero Winter 2
https://prokoleso.ua/ua/shiny/pirelli/scorpion-ice-zero-2/,зима,Pirelli,Scorpion Ice Zero 2
https://prokoleso.ua/ua/shiny/pirelli/scorpion-winter/,зима,Pirelli,Scorpion Winter
https://prokoleso.ua/ua/shiny/pirelli/scorpion-winter-2/,зима,Pirelli,Scorpion Winter 2
https://prokoleso.ua/ua/shiny/pirelli/sottozero-2/,зима,Pirelli,SottoZero 2
https://prokoleso.ua/ua/shiny/pirelli/sottozero-3/,зима,Pirelli,SottoZero 3
https://prokoleso.ua/ua/shiny/pirelli/winter-snowcontrol-3/,зима,Pirelli,Winter Snowcontrol 3
https://prokoleso.ua/ua/shiny/taurus/winter/,зима,Taurus,Winter......
https://prokoleso.ua/ua/shiny/taurus/suv-winter/,зима,Taurus,SUV Winter
https://prokoleso.ua/ua/shiny/taurus/201/,зима,Taurus,201.
https://prokoleso.ua/ua/shiny/taurus/ice/,зима,Taurus,ICE...
https://prokoleso.ua/ua/shiny/taurus/winter-601/,зима,Taurus,Winter 601.
https://prokoleso.ua/shiny/barum/polaris-5/,зима,Barum,Polaris 5
https://prokoleso.ua/shiny/barum/polaris-6/,зима,Barum,POLARIS 6
https://prokoleso.ua/ua/shiny/hankook/rw15/,зима,Hankook,RW15
https://prokoleso.ua/shiny/kumho/wi-51/,зима,Kumho,WinterCraft Ice Wi31+
https://prokoleso.ua/shiny/aplus/a506/,зима,Aplus,A506
https://prokoleso.ua/shiny/aplus/a701/,зима,Aplus,A701
https://prokoleso.ua/shiny/aplus/a869/,зима,Aplus,A869
https://prokoleso.ua/shiny/aplus/a502/,зима,Aplus,A502
https://prokoleso.ua/shiny/aplus/a703/,зима,Aplus,A703
https://prokoleso.ua/shiny/apollo/aspire-xp-winter/,зима,Apollo,ASPIRE XP WINTER
https://prokoleso.ua/shiny/dunlop/sp-winter-response-2/,зима,Dunlop,SP Winter Response 2
https://prokoleso.ua/shiny/dunlop/sp-winter-sport-5/,зима,Dunlop,SP Winter Sport 5
https://prokoleso.ua/shiny/dunlop/winter-maxx-sj8/,зима,Dunlop,Winter Maxx SJ8
https://prokoleso.ua/shiny/dunlop/wintersport-5-suv/,зима,Dunlop,WinterSport 5 SUV
https://prokoleso.ua/ua/shiny/hankook/dynapro-icept-rw08/,зима,Hankook,Dynapro ICept RW08
https://prokoleso.ua/ua/shiny/michelin/pilot-alpin-4/,зима,Michelin,Pilot Alpin 4
https://prokoleso.ua/ua/shiny/michelin/alpin-a6/,зима,Michelin,Alpin A6
https://prokoleso.ua/ua/shiny/michelin/pilot-alpin-5/,зима,Michelin,Pilot Alpin 5
https://prokoleso.ua/ua/shiny/michelin/agilis-x-ice-north/,зима,Michelin,Agilis X-Ice North
https://prokoleso.ua/ua/shiny/michelin/x-ice-snow/,зима,Michelin,X-ICE SNOW
https://prokoleso.ua/ua/shiny/hankook/winter-icept-evo-2-w320a/,зима,Hankook,Winter icept evo 2 w320a
https://prokoleso.ua/ua/shiny/hankook/rw12/,зима,Hankook,RW12
https://prokoleso.ua/shiny/kumho/cw11/,зима,Kumho,CW11
https://prokoleso.ua/shiny/kumho/wi32/,зима,Kumho,WI32
https://prokoleso.ua/shiny/kumho/wi51/,зима,Kumho,WI51
https://prokoleso.ua/shiny/kumho/wintercraft-suv-ice-ws31/,зима,Kumho,WinterCraft SUV Ice WS31.
https://prokoleso.ua/shiny/kumho/wintercraft-wp52/,зима,Kumho,WinterCraft WP52
https://prokoleso.ua/shiny/kumho/wintercraft-wp71/,зима,Kumho,WinterCraft WP71
https://prokoleso.ua/shiny/kumho/wintercraft-wp72/,зима,Kumho,WinterCraft WP72
https://prokoleso.ua/shiny/kumho/wintercraft-ws71/,зима,Kumho,WinterCraft WS71
https://prokoleso.ua/ua/shiny/nokian/hakkapeliitta10/,зима,Nokian Tyres,Hakkapeliitta10
https://prokoleso.ua/shiny/triangle/snow-link-pl01/,зима,Triangle,Snow Link PL01
https://prokoleso.ua/shiny/triangle/snow-link-pl02/,зима,Triangle,Snow Link PL02
https://prokoleso.ua/shiny/triangle/snowlink-van-ll01/,зима,Triangle,SnowLink Van LL01
https://prokoleso.ua/shiny/triangle/ti501/,зима,Triangle,TI501
https://prokoleso.ua/shiny/triangle/tr777-snow-lion/,зима,Triangle,TR777 Snow Lion
https://prokoleso.ua/shiny/triangle/tr797/,зима,Triangle,TR797
https://prokoleso.ua/shiny/triangle/tw401/,зима,Triangle,TW401
https://prokoleso.ua/shiny/uniroyal/winterexpert/,зима,Uniroyal,WinterExpert
https://prokoleso.ua/shiny/vredestein/nord-trac-2/,зима,Vredestein,Nord Trac 2
https://prokoleso.ua/shiny/vredestein/wintrac/,зима,Vredestein,Wintrac
https://prokoleso.ua/shiny/vredestein/wintrac-pro/,зима,Vredestein,Wintrac Pro
https://prokoleso.ua/shiny/vredestein/wintrac-pro-plus/,зима,Vredestein,Wintrac Pro+
https://prokoleso.ua/shiny/yokohama/ice-guard-suv-g075/,зима,Yokohama,Ice Guard SUV G075
https://prokoleso.ua/ua/shiny/fronway/icemaster-i/,зима,Fronway,IceMaster I
https://prokoleso.ua/ua/shiny/fronway/icemaster-ii/,зима,Fronway,IceMaster II
https://prokoleso.ua/ua/shiny/fulda/conveo-trac-3/,зима,Fulda,Conveo Trac 3
https://prokoleso.ua/ua/shiny/fulda/kristall-control-hp/,зима,Fulda,Kristall Control HP
https://prokoleso.ua/ua/shiny/fulda/kristall-control-hp-2/,зима,Fulda,Kristall Control HP 2
https://prokoleso.ua/ua/shiny/fulda/kristall-control-suv/,зима,Fulda,Kristall Control SUV
https://prokoleso.ua/ua/shiny/fulda/kristall-montero/,зима,Fulda,KRISTALL MONTERO
https://prokoleso.ua/ua/shiny/fulda/kristall-montero-3/,зима,Fulda,Kristall Montero 3
https://prokoleso.ua/ua/shiny/gislaved/eurofrost-6/,зима,Gislaved,EuroFrost 6
https://prokoleso.ua/ua/shiny/grenlander/icedefensor-stud-iii/,зима,Grenlander,IceDefensor Stud III
https://prokoleso.ua/ua/shiny/grenlander/icehawke-ii/,зима,Grenlander,IceHawke II
https://prokoleso.ua/ua/shiny/grenlander/l-snow96/,зима,Grenlander,L-Snow96
https://prokoleso.ua/ua/shiny/grenlander/winter-gl868/,зима,Grenlander,Winter GL868
https://prokoleso.ua/ua/shiny/grenlander/winter-gl989/,зима,Grenlander,Winter GL989
https://prokoleso.ua/ua/shiny/habilead/aw11/,зима,Habilead,AW11
https://prokoleso.ua/ua/shiny/habilead/rw501-icemax/,зима,Habilead,RW501 IceMax
https://prokoleso.ua/ua/shiny/habilead/rw516-icemax/,зима,Habilead,RW516 IceMax
https://prokoleso.ua/ua/shiny/hifly/w601-vigorous/,зима,Hifly,W601 Vigorous
https://prokoleso.ua/ua/shiny/hifly/win-turi-215/,зима,Hifly,WIN-TURI 215
https://prokoleso.ua/ua/shiny/kapsen/aw33/,зима,Kapsen,AW33
https://prokoleso.ua/ua/shiny/kapsen/icemax-rw501/,зима,Kapsen,IceMax RW501
https://prokoleso.ua/ua/shiny/kleber/krisalp-hp3/,зима,Kleber,Krisalp HP3
https://prokoleso.ua/ua/shiny/kleber/transalp-2/,зима,Kleber,Transalp 2
https://prokoleso.ua/ua/shiny/kleber/transalp-2-plus/,зима,Kleber,Transalp 2+
https://prokoleso.ua/ua/shiny/kormoran/snowpro-b4/,зима,Kormoran,Snowpro B4
https://prokoleso.ua/ua/shiny/kormoran/extreme-stud/,зима,Kormoran,Extreme Stud
https://prokoleso.ua/ua/shiny/kormoran/snow/,зима,Kormoran,Snow..
https://prokoleso.ua/ua/shiny/kormoran/snowpro/,зима,Kormoran,Snowpro
https://prokoleso.ua/ua/shiny/kormoran/snowpro-b2/,зима,Kormoran,Snowpro B2
https://prokoleso.ua/ua/shiny/kormoran/suv-snow/,зима,Kormoran,SUV Snow
https://prokoleso.ua/ua/shiny/kormoran/vanpro-winter/,зима,Kormoran,VANPRO WINTER
https://prokoleso.ua/ua/shiny/lassa/competus-winter-2/,зима,Lassa,Competus Winter 2
https://prokoleso.ua/ua/shiny/lassa/competus-winter-2-plus/,зима,Lassa,Competus Winter 2 +
https://prokoleso.ua/ua/shiny/lassa/iceways-2/,зима,Lassa,Iceways 2
https://prokoleso.ua/ua/shiny/lassa/snoways-3/,зима,Lassa,SnoWays 3
https://prokoleso.ua/ua/shiny/lassa/snoways-4/,зима,Lassa,SNOWAYS 4
https://prokoleso.ua/ua/shiny/lassa/wintus-2/,зима,Lassa,Wintus 2
https://prokoleso.ua/ua/shiny/leao/winter-defender-hp/,зима,Leao,Winter Defender HP
https://prokoleso.ua/ua/shiny/leao/winter-defender-ice-i-15/,зима,Leao,Winter Defender Ice I-15
https://prokoleso.ua/ua/shiny/leao/winter-defender-uhp/,зима,Leao,WINTER DEFENDER UHP
https://prokoleso.ua/ua/shiny/leao/winter-defender-van/,зима,Leao,Winter Defender Van
https://prokoleso.ua/ua/shiny/marshal/wintercraft-ice-wi31/,зима,Marshal,WinterCraft Ice Wi31
https://prokoleso.ua/ua/shiny/marshal/wintercraft-suv-ice-ws71/,зима,Marshal,WinterCraft SUV Ice WS71
https://prokoleso.ua/ua/shiny/michelin/pilot-alpin-5-suv/,зима,Michelin,Pilot Alpin 5 SUV
https://prokoleso.ua/ua/shiny/michelin/latitude-alpin-2/,зима,Michelin,Latitude Alpin 2
https://prokoleso.ua/ua/shiny/michelin/agilis-51-snow-ice/,зима,Michelin,Agilis 51 Snow-Ice
https://prokoleso.ua/ua/shiny/michelin/alpin-a4/,зима,Michelin,Alpin A4
https://prokoleso.ua/ua/shiny/michelin/x-ice-3/,зима,Michelin,X-Ice 3
https://prokoleso.ua/ua/shiny/michelin/x-ice-rth-4-suv/,зима,Michelin,X-Ice NORTH 4 SUV
https://prokoleso.ua/ua/shiny/michelin/x-ice-snow-suv/,зима,Michelin,X-Ice Snow SUV
https://prokoleso.ua/ua/shiny/michelin/alpin-7/,зима,Michelin,Alpin 7
https://prokoleso.ua/ua/shiny/michelin/latitude-x-ice-north-2/,зима,Michelin,Latitude X-Ice North 2+
https://prokoleso.ua/shiny/nexen/winguard-ice/,зима,Nexen,Winguard Ice
https://prokoleso.ua/shiny/nexen/winguard-snowg-wh2/,зима,Nexen,WINGUARD SnowG WH2
https://prokoleso.ua/shiny/nexen/winguard-sport-2-suv/,зима,Nexen,WinGuard Sport 2 SUV
https://prokoleso.ua/shiny/nexen/winguard-suv/,зима,Nexen,Winguard SUV.
https://prokoleso.ua/shiny/nexen/winguard-winspike-3/,зима,Nexen,WINGUARD Winspike 3
https://prokoleso.ua/shiny/nexen/winguard-winspike-suv/,зима,Nexen,Winguard WinSpike SUV.
https://prokoleso.ua/shiny/nexen/winguard-winspike-wh62/,зима,Nexen,Winguard WinSpike WH62
https://prokoleso.ua/shiny/nexen/winguard-winspike-ws62/,зима,Nexen,WinGuard WinSpike WS62
https://prokoleso.ua/shiny/nexen/winguard-ice-3/,зима,Nexen,WINGUARD ice 3
https://prokoleso.ua/shiny/nexen/winguard-ice-plus-wh43/,зима,Nexen,WinGuard Ice Plus WH43.
https://prokoleso.ua/shiny/nexen/winguard-ice-suv/,зима,Nexen,Winguard Ice SUV
https://prokoleso.ua/shiny/nexen/winguard-snowg-3-wh21/,зима,Nexen,Winguard SnowG 3 WH21
https://prokoleso.ua/shiny/nexen/winguard-sport-2/,зима,Nexen,WinGuard Sport 2
https://prokoleso.ua/shiny/orium/ice/,зима,Orium,ICE
https://prokoleso.ua/shiny/orium/ice-501/,зима,Orium,Ice 501
https://prokoleso.ua/shiny/orium/suv-ice/,зима,Orium,SUV ICE
https://prokoleso.ua/shiny/orium/suv-winter/,зима,Orium,SUV WINTER
https://prokoleso.ua/ua/shiny/premiorri/via-maggiore-z-plus/,зима,Premiorri,Via Maggiore Z Plus
https://prokoleso.ua/ua/shiny/premiorri/via-maggiore/,зима,Premiorri,Via Maggiore.
https://prokoleso.ua/ua/shiny/roadstone/euro-win-650/,зима,Roadstone,Euro-Win 650
https://prokoleso.ua/ua/shiny/roadstone/euro-win-700/,зима,Roadstone,Euro-Win 700
https://prokoleso.ua/ua/shiny/roadstone/eurovis-alpine-wh1/,зима,Roadstone,Eurovis Alpine WH1
https://prokoleso.ua/ua/shiny/roadstone/eurowin-800/,зима,Roadstone,EuroWin 800
https://prokoleso.ua/ua/shiny/roadstone/roadian-h-t/,зима,Roadstone,Roadian H/T.
https://prokoleso.ua/ua/shiny/roadstone/winguard-ice-plus-wh43/,зима,Roadstone,WinGuard Ice Plus WH43
https://prokoleso.ua/ua/shiny/roadstone/winguard-ice-suv/,зима,Roadstone,Winguard Ice SUV
https://prokoleso.ua/ua/shiny/roadstone/winguard-ice/,зима,Roadstone,Winguard Ice.
https://prokoleso.ua/ua/shiny/roadstone/winguard-sport/,зима,Roadstone,Winguard Sport
https://prokoleso.ua/ua/shiny/roadstone/winguard-suv/,зима,Roadstone,Winguard SUV
https://prokoleso.ua/ua/shiny/roadstone/winguard-winspike/,зима,Roadstone,Winguard WinSpike
https://prokoleso.ua/ua/shiny/roadstone/winguard-winspike-suv/,зима,Roadstone,Winguard WinSpike SUV
https://prokoleso.ua/ua/shiny/roadstone/eurovis-alpine-2/,зима,Roadstone,Eurovis Alpine 2
https://prokoleso.ua/ua/shiny/roadstone/winguard-snow-g-wh2/,зима,Roadstone,Winguard Snow G WH2
https://prokoleso.ua/ua/shiny/rosava/snowgard/,зима,Rosava,Snowgard
https://prokoleso.ua/ua/shiny/rosava/snowgard-van/,зима,Rosava,Snowgard-Van.
https://prokoleso.ua/ua/shiny/rosava/wq-101/,зима,Rosava,WQ-101.
https://prokoleso.ua/ua/shiny/habilead/snowshoes-aw33/,зима,Habilead,Snowshoes AW33
https://prokoleso.ua/shiny/orium/winter-601/,зима,Orium,Winter 601..
https://prokoleso.ua/shiny/orium/winter-orium/,зима,Orium,Winter........
https://prokoleso.ua/shiny/sailun/commercio-ice/,зима,Sailun,COMMERCIO ICE
https://prokoleso.ua/shiny/sailun/ice-blazer-alpine/,зима,Sailun,ICE BLAZER Alpine
https://prokoleso.ua/shiny/sailun/ice-blazer-alpine-evo/,зима,Sailun,ICE BLAZER Alpine EVO
https://prokoleso.ua/shiny/sailun/ice-blazer-alpine/,зима,Sailun,ICE BLAZER Alpine+
https://prokoleso.ua/shiny/sailun/ice-blazer-arctic/,зима,Sailun,ICE BLAZER Arctic
https://prokoleso.ua/shiny/sailun/ice-blazer-arctic-evo/,зима,Sailun,ICE BLAZER Arctic EVO
https://prokoleso.ua/shiny/sailun/ice-blazer-arctic-suv/,зима,Sailun,ICE BLAZER Arctic SUV
https://prokoleso.ua/shiny/sailun/ice-blazer-wst2/,зима,Sailun,Ice Blazer WST2
https://prokoleso.ua/shiny/sava/eskimo-s3/,зима,Sava,Eskimo s3
https://prokoleso.ua/shiny/sava/eskimo-hp-2/,зима,Sava,Eskimo HP 2
https://prokoleso.ua/shiny/sava/eskimo-ice/,зима,Sava,Eskimo Ice
https://prokoleso.ua/shiny/sava/eskimo-s3-plus/,зима,Sava,Eskimo S3+
https://prokoleso.ua/shiny/sava/eskimo-suv-2/,зима,Sava,Eskimo SUV 2
https://prokoleso.ua/shiny/starmaxx/incurro-ice-w880/,зима,Starmaxx,Incurro Ice W880
https://prokoleso.ua/shiny/starmaxx/incurro-winter-870/,зима,Starmaxx,Incurro Winter 870
https://prokoleso.ua/shiny/starmaxx/prowin-st960/,зима,Starmaxx,Prowin ST960
https://prokoleso.ua/shiny/starmaxx/arcterrain-w860/,зима,Starmaxx,Arcterrain W860
https://prokoleso.ua/shiny/starmaxx/polarmaxx/,зима,Starmaxx,PolarMaxx
https://prokoleso.ua/shiny/starmaxx/polarmaxx-sport/,зима,Starmaxx,PolarMaxx Sport
https://prokoleso.ua/ua/shiny/tigar/cargo-speed-winter/,зима,Tigar,Cargo Speed Winter.
https://prokoleso.ua/ua/shiny/tigar/ice/,зима,Tigar,Ice...
https://prokoleso.ua/ua/shiny/tigar/winter-suv/,зима,Tigar,Winter SUV
https://prokoleso.ua/ua/shiny/tigar/tigar-winter/,зима,Tigar,Winter......
https://prokoleso.ua/ua/shiny/tigar/winter1/,зима,Tigar,Winter1
https://prokoleso.ua/ua/shiny/toyo/observe-gsi-6/,зима,Toyo,Observe GSi-6
https://prokoleso.ua/ua/shiny/toyo/observe-gsi6-ls/,зима,Toyo,OBSERVE GSi6 LS
https://prokoleso.ua/ua/shiny/toyo/observe-garit-g3-ice/,зима,Toyo,Observe Garit G3-Ice
https://prokoleso.ua/ua/shiny/toyo/observe-garit-giz/,зима,Toyo,Observe Garit Giz
https://prokoleso.ua/ua/shiny/toyo/observe-garrit-gsi5/,зима,Toyo,OBSERVE GARRIT GSI5
https://prokoleso.ua/ua/shiny/toyo/observe-gsi6-hp/,зима,Toyo,OBSERVE GSi6 HP
https://prokoleso.ua/ua/shiny/toyo/observe-gsi6-hp-suv/,зима,Toyo,OBSERVE GSi6 HP SUV
https://prokoleso.ua/ua/shiny/toyo/observe-ice-freezer/,зима,Toyo,OBSERVE ICE-FREEZER
https://prokoleso.ua/ua/shiny/toyo/observe-ice-freezer-suv/,зима,Toyo,OBSERVE ICE-FREEZER SUV
https://prokoleso.ua/ua/shiny/toyo/observe-s944/,зима,Toyo,Observe S944
https://prokoleso.ua/ua/shiny/toyo/observe-van/,зима,Toyo,Observe Van
https://prokoleso.ua/ua/shiny/toyo/snowprox-s943/,зима,Toyo,Snowprox S943
https://prokoleso.ua/ua/shiny/toyo/snowprox-s954/,зима,Toyo,Snowprox S954
https://prokoleso.ua/ua/shiny/toyo/snowprox-s954-suv/,зима,Toyo,SNOWPROX S954 SUV
https://prokoleso.ua/ua/shiny/hankook/i-cept-iz-w606/,зима,Hankook,I*cept iz w606
https://prokoleso.ua/ua/shiny/hankook/winter-i-cept-evo-w310/,зима,Hankook,Winter i*cept evo w310
https://prokoleso.ua/ua/shiny/hankook/rw09/,зима,Hankook,Rw09
https://prokoleso.ua/ua/shiny/hankook/w320-i-cept-evo2/,зима,Hankook,W320 i*cept evo2
https://prokoleso.ua/ua/shiny/hankook/w429a/,зима,Hankook,W429a
https://prokoleso.ua/shiny/kumho/wintercraft-ice-wi32/,зима,Kumho,WinterCraft Ice Wi32
https://prokoleso.ua/shiny/kumho/wintercraft-ice-wi61/,зима,Kumho,WinterCraft Ice Wi61
https://prokoleso.ua/shiny/kumho/wintercraft-suv-ice-ws51/,зима,Kumho,WinterCraft SUV Ice WS51.
https://prokoleso.ua/shiny/kumho/wintercraft-suv-ws71/,зима,Kumho,Wintercraft suv ws71
https://prokoleso.ua/shiny/kumho/wintercraft-wp51/,зима,Kumho,WinterCraft WP51
https://prokoleso.ua/ua/shiny/matador/mp92-sibir-snow/,зима,Matador,MP92 Sibir Snow
https://prokoleso.ua/ua/shiny/nokian/wr-snowproof/,зима,Nokian Tyres,WR Snowproof
https://prokoleso.ua/ua/shiny/nokian/hakkapeliitta-9-suv/,зима,Nokian Tyres,Hakkapeliitta 9 SUV
https://prokoleso.ua/ua/shiny/nokian/hakkapeliitta-c3/,зима,Nokian Tyres,Hakkapeliitta C3
https://prokoleso.ua/ua/shiny/nokian/hakkapeliitta-cr3/,зима,Nokian Tyres,Hakkapeliitta CR3
https://prokoleso.ua/ua/shiny/nokian/hakkapeliitta-r/,зима,Nokian Tyres,Hakkapeliitta r
https://prokoleso.ua/ua/shiny/nokian/hakkapeliitta-r-suv/,зима,Nokian Tyres,Hakkapeliitta r suv
https://prokoleso.ua/ua/shiny/nokian/hakkapeliitta-r2/,зима,Nokian Tyres,Hakkapeliitta R2
https://prokoleso.ua/ua/shiny/taurus/201-winter/,зима,Taurus,201 winter
https://prokoleso.ua/ua/shiny/taurus/601-winter/,зима,Taurus,601 winter
https://prokoleso.ua/shiny/yokohama/w-drive-v905/,зима,Yokohama,W. Drive V905
https://prokoleso.ua/shiny/yokohama/ice-guard-ig53/,зима,Yokohama,Ice Guard IG53
https://prokoleso.ua/shiny/yokohama/ice-guard-ig55/,зима,Yokohama,Ice Guard IG55
https://prokoleso.ua/shiny/yokohama/w-drive-v902/,зима,Yokohama,W. Drive V902
https://prokoleso.ua/shiny/yokohama/w-drive-v902a/,зима,Yokohama,W.drive V902A
https://prokoleso.ua/ua/shiny/fulda/kristall-4-4/,зима,Fulda,Kristall 4х4
https://prokoleso.ua/ua/shiny/gislaved/eurofrost-5/,зима,Gislaved,EuroFrost 5
https://prokoleso.ua/ua/shiny/habilead/rw506/,зима,Habilead,RW506
https://prokoleso.ua/ua/shiny/kapsen/aw11/,зима,Kapsen,AW11
https://prokoleso.ua/ua/shiny/lassa/snoways-2/,зима,Lassa,Snoways 2
https://prokoleso.ua/ua/shiny/michelin/x-ice-north-4/,зима,Michelin,X-ICE North 4
https://prokoleso.ua/shiny/nexen/winguard-snow-g-wh2/,зима,Nexen,Winguard Snow'G WH2
https://prokoleso.ua/shiny/nexen/winguard-winspike/,зима,Nexen,Winguard winspike.
https://prokoleso.ua/shiny/sava/eskimo-s2/,зима,Sava,Eskimo S2
https://prokoleso.ua/shiny/starmaxx/incurro-w870/,зима,Starmaxx,Incurro W870
https://prokoleso.ua/ua/shiny/nokian/hakkapeliitta-r3/,зима,Nokian Tyres,Hakkapeliitta R3
https://prokoleso.ua/ua/shiny/nokian/hakkapeliitta-r3-suv/,зима,Nokian Tyres,Hakkapeliitta R3 SUV
https://prokoleso.ua/ua/shiny/continental/wintercontact-ts850p/,зима,Continental,WinterContact TS-850P
https://prokoleso.ua/ua/shiny/continental/conti4x4wintercontact/,зима,Continental,Conti4x4WinterContact
https://prokoleso.ua/ua/shiny/continental/conticrosscontact-winter/,зима,Continental,ContiCrossContact Winter
https://prokoleso.ua/ua/shiny/continental/contiwintcont-ts-850p/,зима,Continental,ContiWintCont TS 850P
https://prokoleso.ua/ua/shiny/continental/wintercontact-8-s/,зима,Continental,WinterContact 8 S
https://prokoleso.ua/ua/shiny/continental/wintercontact-8s/,зима,Continental,WinterContact 8S
https://prokoleso.ua/ua/shiny/nokian/hakkapeliitta-suv-5/,зима,Nokian Tyres,Hakkapeliitta suv 5
https://prokoleso.ua/shiny/doublestar/dw02/,зима,Doublestar,Winterking DW02
https://prokoleso.ua/shiny/doublestar/dw05/,зима,Doublestar,Winterking DW05
https://prokoleso.ua/shiny/doublestar/dw07/,зима,Doublestar,Winterking DW07
https://prokoleso.ua/shiny/doublestar/winterking-dw01/,зима,Doublestar,Winterking DW01
https://prokoleso.ua/shiny/doublestar/winterking-dw06/,зима,Doublestar,Winterking DW06
https://prokoleso.ua/shiny/doublestar/winterking-dw08/,зима,Doublestar,Winterking DW08
https://prokoleso.ua/shiny/doublestar/winterking-dw16/,зима,Doublestar,Winterking DW16
https://prokoleso.ua/shiny/habilead/rw505-icemax/,зима,Habilead,IceMax RW505
https://prokoleso.ua/shiny/hankook/ion-icept-iw01a/,зима,Hankook,iON i*cept IW01A
https://prokoleso.ua/shiny/hankook/winter-icept-iz2a-w626/,зима,Hankook,Winter ICept iZ2A W626
https://prokoleso.ua/shiny/kapsen/rw501-icemax/,зима,Kapsen,RW501 IceMax
https://prokoleso.ua/shiny/kingstar/rw07/,зима,Kingstar,RW07
https://prokoleso.ua/shiny/kingstar/sw40/,зима,Kingstar,SW40
https://prokoleso.ua/shiny/nexen/winguard-sport-3/,зима,Nexen,Winguard Sport 3
https://prokoleso.ua/shiny/pirelli/cinturato-winter-3/,зима,Pirelli,Cinturato Winter 3
https://prokoleso.ua/shiny/rydanz/nordica-nr21/,зима,Rydanz,Nordica NR21
https://prokoleso.ua/shiny/triangle/ll01/,зима,Triangle,LL01
https://prokoleso.ua/shiny/triangle/tr737/,зима,Triangle,TR737
https://prokoleso.ua/shiny/triangle/tw421/,зима,Triangle,TW421
https://prokoleso.ua/shiny/vredestein/wintrac-xtreme-s/,зима,Vredestein,Wintrac Xtreme S
https://prokoleso.ua/shiny/barum/polaris-3/,зима,Barum,Polaris 3
https://prokoleso.ua/shiny/continental/contiwintcontact-ts-850/,зима,Continental,ContiWintContact TS 850
https://prokoleso.ua/shiny/continental/contiwintercontact-ts-860/,зима,Continental,ContiWinterContact TS-860
https://prokoleso.ua/shiny/continental/wintercontact-ts870/,зима,Continental,Wintercontact ts870
https://prokoleso.ua/shiny/continental/wintercontact-ts-870/,зима,Continental,Wintercontact ts 870
https://prokoleso.ua/shiny/continental/wintercontact-ts870p/,зима,Continental,Wintercontact ts870p
https://prokoleso.ua/shiny/fulda/conveo-trac-2/,зима,Fulda,CONVEO TRAC 2
https://prokoleso.ua/shiny/fulda/kristall-control/,зима,Fulda,Kristall Control
https://prokoleso.ua/shiny/gislaved/euro-frost-6-suv/,зима,Gislaved,Euro Frost 6 SUV
https://prokoleso.ua/shiny/gislaved/softfrost-200-suv/,зима,Gislaved,SOFTFROST 200 SUV
https://prokoleso.ua/shiny/goodyear/ultragrip-9/,зима,GoodYear,Ultragrip 9
https://prokoleso.ua/shiny/goodyear/ultragrip-ice-arctic-suv/,зима,GoodYear,UltraGrip Ice Arctic SUV
https://prokoleso.ua/shiny/goodyear/ultragrip-performance-gen-1-suv/,зима,GoodYear,UltraGrip Performance Gen-1 SUV
https://prokoleso.ua/shiny/kleber/krisalp-hp2/,зима,Kleber,Krisalp HP2
https://prokoleso.ua/shiny/lassa/competus-winter/,зима,Lassa,Competus Winter
https://prokoleso.ua/shiny/lassa/iceways/,зима,Lassa,Iceways
https://prokoleso.ua/shiny/lassa/wintus/,зима,Lassa,Wintus
https://prokoleso.ua/shiny/matador/mp-54-sibir-snow/,зима,Matador,MP 54 Sibir Snow
https://prokoleso.ua/shiny/matador/mp92-sibir-sw-suv/,зима,Matador,MP92 SIBIR SW SUV
https://prokoleso.ua/shiny/matador/mps-530/,зима,Matador,MPS-530
https://prokoleso.ua/shiny/nexen/winguard-sport/,зима,Roadstone,Winguard Sport
https://prokoleso.ua/shiny/nexen/winguard-winspike-suv-ws6/,зима,Nexen,WinGuard WinSpike SUV WS6
https://prokoleso.ua/shiny/nexen/winguard-winspike-ws62-suv/,зима,Nexen,WinGuard WinSpike WS62 SUV
https://prokoleso.ua/shiny/nokian/hakkapeliitta10/,зима,Nokian Tyres,Hakkapeliitta10
https://prokoleso.ua/shiny/riken/snow/,зима,Kormoran,Snow
https://prokoleso.ua/shiny/riken/suv-snow/,зима,Kormoran,SUV Snow
https://prokoleso.ua/shiny/strial/winter-201/,зима,Orium,Winter 201
https://prokoleso.ua/shiny/strial/winter-601/,зима,Orium,Winter 601
https://prokoleso.ua/shiny/toyo/snowprox-s953/,зима,Toyo,SnowProx S953
https://prokoleso.ua/shiny/vredestein/arctrac/,зима,Vredestein,Arctrac
https://prokoleso.ua/shiny/vredestein/wintrac-4-xtreme/,зима,Vredestein,Wintrac 4 Xtreme
https://prokoleso.ua/shiny/yokohama/g075/,зима,Yokohama,G075
https://prokoleso.ua/shiny/yokohama/geolandar-i-t-s-g073/,зима,Yokohama,Geolandar I/T-S G073
https://prokoleso.ua/shiny/yokohama/geolander-g073/,зима,Yokohama,Geolander G073
https://prokoleso.ua/shiny/yokohama/ice-guard-ig50/,зима,Yokohama,Ice Guard IG50
https://prokoleso.ua/shiny/yokohama/w-drive-v903/,зима,Yokohama,W. Drive V903
https://prokoleso.ua/shiny/kapsen/snowshoes-aw33/,зима,Habilead,Snowshoes AW33
https://prokoleso.ua/shiny/goodyear/ultragrip-9/,зима,GoodYear,Ultragrip 9
https://prokoleso.ua/shiny/orium/winter-601/,зима,Orium,Winter 601
https://prokoleso.ua/shiny/voyager/winter-voyager/,зима,Voyager,Winter...
https://prokoleso.ua/shiny/doublestar/dw09/,зима,Doublestar,WINTERKING DW09
https://prokoleso.ua/shiny/goodyear/ultragrip-9-plus/,зима,GoodYear,UltraGrip 9+
https://prokoleso.ua/shiny/sailun/ice-blazer-alpine-plus/,зима,Sailun,ICE BLAZER Alpine+
https://prokoleso.ua/shiny/sava/eskimo-s3-plus/,зима,Sava,Eskimo S3+
https://prokoleso.ua/shiny/nokian/snowproof-1/,зима,Nokian Tyres,Snowproof 1
https://prokoleso.ua/ua/shiny/bridgestone/turanza-all-season-6/,всесезонка,Bridgestone,Turanza All Season 6
https://prokoleso.ua/ua/shiny/goodyear/wrangler-duratrac-rt/,всесезонка,GoodYear,Wrangler DuraTrac RT
https://prokoleso.ua/ua/shiny/goodyear/wrangler-hp-2/,всесезонка,GoodYear,Wrangler HP 2
https://prokoleso.ua/ua/shiny/goodyear/vector-4season-cargo/,всесезонка,GoodYear,Vector 4Season Cargo
https://prokoleso.ua/ua/shiny/goodyear/vector-4seasons-gen-2/,всесезонка,GoodYear,Vector 4Seasons Gen-2
https://prokoleso.ua/ua/shiny/goodyear/vector-4seasons-gen-3-suv/,всесезонка,GoodYear,Vector 4Seasons Gen-3 SUV
https://prokoleso.ua/ua/shiny/goodyear/vector4seasons/,всесезонка,GoodYear,Vector4Seasons
https://prokoleso.ua/ua/shiny/goodyear/wrangler-all-terrain-adventure/,всесезонка,GoodYear,Wrangler All-Terrain Adventure
https://prokoleso.ua/ua/shiny/goodyear/wrangler-duratrac/,всесезонка,GoodYear,Wrangler Duratrac
https://prokoleso.ua/ua/shiny/bridgestone/dueler-a-t-002/,всесезонка,Bridgestone,Dueler A/T 002
https://prokoleso.ua/ua/shiny/bridgestone/weathercontrol-a005-evo/,всесезонка,Bridgestone,WeatherControl A005 EVO
https://prokoleso.ua/ua/shiny/continental/vancontact-a-s/,всесезонка,Continental,VanContact A/S
https://prokoleso.ua/ua/shiny/matador/mp-62-all-weather-evo/,всесезонка,Matador,MP 62 All Weather Evo
https://prokoleso.ua/ua/shiny/matador/mp72/,всесезонка,Matador,MP72
https://prokoleso.ua/ua/shiny/rydanz/raptor-r09-a-t/,всесезонка,Rydanz,Raptor R09 A/T
https://prokoleso.ua/ua/shiny/continental/crosscontact-rx/,всесезонка,Continental,CrossContact RX
https://prokoleso.ua/ua/shiny/laufenn/lh71/,всесезонка,Laufenn,G FIT 4S LH71
https://prokoleso.ua/ua/shiny/pirelli/cinturato-all-season/,всесезонка,Pirelli,Cinturato All Season
https://prokoleso.ua/ua/shiny/pirelli/cinturato-all-season-plus/,всесезонка,Pirelli,Cinturato All Season Plus
https://prokoleso.ua/ua/shiny/pirelli/cinturato-all-season-sf3/,всесезонка,Pirelli,Cinturato All Season SF3
https://prokoleso.ua/ua/shiny/pirelli/scorpion-a-t-plus/,всесезонка,Pirelli,Scorpion A/T Plus
https://prokoleso.ua/ua/shiny/pirelli/powergy-all-season/,всесезонка,Pirelli,Powergy All Season SF
https://prokoleso.ua/ua/shiny/pirelli/pzero-all-season/,всесезонка,Pirelli,PZero ALL SEASON
https://prokoleso.ua/ua/shiny/pirelli/scorpion-all-season-sf-2/,всесезонка,Pirelli,Scorpion All Season SF 2
https://prokoleso.ua/ua/shiny/pirelli/scorpion-verde-all-season/,всесезонка,Pirelli,Scorpion Verde All-Season
https://prokoleso.ua/ua/shiny/pirelli/scorpion-zero-all-season/,всесезонка,Pirelli,Scorpion Zero All Season
https://prokoleso.ua/ua/shiny/bfgoodrich/activan-4s/,всесезонка,Bfgoodrich,Activan 4S
https://prokoleso.ua/ua/shiny/bfgoodrich/all-terrain-t-a-ko2/,всесезонка,Bfgoodrich,All Terrain T/A KO2
https://prokoleso.ua/ua/shiny/bfgoodrich/all-terrain-t-a-ko3/,всесезонка,Bfgoodrich,All Terrain T/A KO3
https://prokoleso.ua/ua/shiny/bfgoodrich/trail-terrain-t-a/,всесезонка,Bfgoodrich,Trail Terrain T/A
https://prokoleso.ua/ua/shiny/taurus/all-season-light-truck/,всесезонка,Kormoran,ALL SEASON LIGHT TRUCK.
https://prokoleso.ua/ua/shiny/taurus/all-season-suv/,всесезонка,Orium,ALL SEASON SUV.
https://prokoleso.ua/shiny/barum/quartaris-5/,всесезонка,Barum,Quartaris 5
https://prokoleso.ua/shiny/barum/vanis-allseason/,всесезонка,Barum,Vanis AllSeason
https://prokoleso.ua/shiny/kumho/at52/,всесезонка,Kumho,Road Venture AT52
https://prokoleso.ua/shiny/apollo/alnac-4g-all-season/,всесезонка,Apollo,ALNAC 4G ALL SEASON
https://prokoleso.ua/shiny/austone/athena-sp-302/,всесезонка,Austone,Athena SP-302
https://prokoleso.ua/shiny/austone/athena-sp-306/,всесезонка,Austone,ATHENA SP-306
https://prokoleso.ua/shiny/austone/maspire-m-t/,всесезонка,Austone,MASPIRE M/T
https://prokoleso.ua/shiny/federal/couragia-m-t/,всесезонка,Federal,Couragia M/T
https://prokoleso.ua/shiny/federal/couragia-xuv-ii/,всесезонка,Federal,COURAGIA XUV II
https://prokoleso.ua/shiny/triangle/agilex-at-tr292/,всесезонка,Triangle,AgileX AT TR292
https://prokoleso.ua/ua/shiny/fulda/multicontrol-suv/,всесезонка,Fulda,MultiControl SUV
https://prokoleso.ua/ua/shiny/michelin/agilis-crossclimate/,всесезонка,Michelin,Agilis Crossclimate
https://prokoleso.ua/shiny/uniroyal/allseason-expert-2/,всесезонка,Uniroyal,AllSeason Expert 2
https://prokoleso.ua/shiny/uniroyal/allseasonmax/,всесезонка,Uniroyal,AllSeasonMax
https://prokoleso.ua/shiny/vredestein/quatrac-5/,всесезонка,Vredestein,Quatrac 5
https://prokoleso.ua/shiny/vredestein/quatrac-pro/,всесезонка,Vredestein,Quatrac Pro
https://prokoleso.ua/shiny/vredestein/quatrac-pro-plus/,всесезонка,Vredestein,Quatrac Pro+
https://prokoleso.ua/shiny/yokohama/geolandar-a-t-g015/,всесезонка,Yokohama,Geolandar A/T G015
https://prokoleso.ua/ua/shiny/fronway/fronwing-a-s/,всесезонка,Fronway,Fronwing A/S
https://prokoleso.ua/ua/shiny/fulda/multicontrol/,всесезонка,Fulda,MultiControl
https://prokoleso.ua/ua/shiny/grenlander/maga-a-t-one/,всесезонка,Grenlander,Maga A/T One
https://prokoleso.ua/ua/shiny/grenlander/maga-a-t-two/,всесезонка,Grenlander,MAGA A/T TWO
https://prokoleso.ua/ua/shiny/grenlander/maho-77/,всесезонка,Grenlander,Maho 77
https://prokoleso.ua/ua/shiny/grenlander/predator-m-t/,всесезонка,Grenlander,Predator M/T
https://prokoleso.ua/ua/shiny/habilead/rs23-a-t/,всесезонка,Habilead,RS23 A/T
https://prokoleso.ua/ua/shiny/habilead/rs27/,всесезонка,Habilead,RS27
https://prokoleso.ua/ua/shiny/hifly/at601-vigorous/,всесезонка,Hifly,AT601 VIGOROUS
https://prokoleso.ua/ua/shiny/hifly/at606-vigorous/,всесезонка,Hifly,AT606 VIGOROUS
https://prokoleso.ua/ua/shiny/kapsen/rs23/,всесезонка,Habilead,RS23.
https://prokoleso.ua/ua/shiny/kleber/quadraxer-2/,всесезонка,Kleber,Quadraxer 2
https://prokoleso.ua/ua/shiny/kleber/quadraxer-3/,всесезонка,Kleber,QUADRAXER 3
https://prokoleso.ua/ua/shiny/kleber/quadraxer-suv/,всесезонка,Kleber,Quadraxer SUV
https://prokoleso.ua/ua/shiny/kleber/transpo-4s/,всесезонка,Kleber,Transpo 4S
https://prokoleso.ua/ua/shiny/kormoran/all-season/,всесезонка,Orium,All Season
https://prokoleso.ua/ua/shiny/kormoran/all-season-light-truck/,всесезонка,Kormoran,All Season Light Truck
https://prokoleso.ua/ua/shiny/kormoran/all-season-suv/,всесезонка,Orium,All Season SUV
https://prokoleso.ua/ua/shiny/lassa/competus-a-t-3/,всесезонка,Lassa,COMPETUS A/T 3
https://prokoleso.ua/ua/shiny/lassa/competus-a-t2/,всесезонка,Lassa,Competus A/T2
https://prokoleso.ua/ua/shiny/lassa/multiways-4-4/,всесезонка,Lassa,Multiways 4*4
https://prokoleso.ua/ua/shiny/lassa/multiways-/,всесезонка,Lassa,Multiways С
https://prokoleso.ua/ua/shiny/leao/igreen-all-season/,всесезонка,Leao,iGreen All Season
https://prokoleso.ua/ua/shiny/leao/igreen-van-4s/,всесезонка,Leao,iGREEN VAN 4S
https://prokoleso.ua/ua/shiny/michelin/cross-climate/,всесезонка,Michelin,Cross Climate
https://prokoleso.ua/ua/shiny/michelin/crossclimate-plus/,всесезонка,Michelin,CrossClimate Plus
https://prokoleso.ua/ua/shiny/michelin/cross-climate-2/,всесезонка,Michelin,Cross Climate 2
https://prokoleso.ua/ua/shiny/michelin/primacy-all-season/,всесезонка,Michelin,Primacy All Season
https://prokoleso.ua/ua/shiny/michelin/crossclimate-3/,всесезонка,Michelin,Crossclimate 3
https://prokoleso.ua/ua/shiny/michelin/crossclimate-3-sport/,всесезонка,Michelin,Crossclimate 3 Sport
https://prokoleso.ua/shiny/nexen/npriz-rh1/,всесезонка,Nexen,NPriz RH1
https://prokoleso.ua/shiny/nexen/n-priz-ah8/,всесезонка,Nexen,N'Priz AH8
https://prokoleso.ua/shiny/nexen/roadian-htx-rh5/,всесезонка,Roadstone,Roadian HTX RH5
https://prokoleso.ua/shiny/orium/all-season-suv/,всесезонка,Orium,ALL SEASON SUV
https://prokoleso.ua/shiny/orium/all-season/,всесезонка,Orium,ALL SEASON.
https://prokoleso.ua/ua/shiny/premiorri/vimero-4seasons/,всесезонка,Premiorri,Vimero 4Seasons
https://prokoleso.ua/ua/shiny/premiorri/vimero-suv/,всесезонка,Premiorri,Vimero-Suv
https://prokoleso.ua/ua/shiny/premiorri/vimero-van/,всесезонка,Rosava,Vimero-Van.
https://prokoleso.ua/ua/shiny/roadstone/n-priz-4s/,всесезонка,Roadstone,N Priz 4S
https://prokoleso.ua/ua/shiny/roadstone/roadian-a-t/,всесезонка,Roadstone,Roadian A/T
https://prokoleso.ua/ua/shiny/roadstone/roadian-htx-rh5/,всесезонка,Roadstone,Roadian HTX RH5.
https://prokoleso.ua/ua/shiny/roadstone/roadian-at-4x4/,всесезонка,Roadstone,Roadian AT 4X4
https://prokoleso.ua/ua/shiny/rosava/bc-54/,всесезонка,Rosava,BC-54
https://prokoleso.ua/ua/shiny/rosava/-10/,всесезонка,Rosava,БЦ-10
https://prokoleso.ua/ua/shiny/rosava/-20/,всесезонка,Rosava,БЦ-20
https://prokoleso.ua/ua/shiny/rosava/-24/,всесезонка,Rosava,БЦ-24
https://prokoleso.ua/shiny/rovelo/all-weather-r4s/,всесезонка,Rovelo,ALL WEATHER R4S
https://prokoleso.ua/shiny/sailun/atrezzo-4-seasons/,всесезонка,Sailun,ATREZZO 4 SEASONS
https://prokoleso.ua/shiny/sailun/atrezzo-4-seasons-pro/,всесезонка,Sailun,ATREZZO 4 SEASONS PRO
https://prokoleso.ua/shiny/sailun/atrezzo-4-seasons-pro-ev/,всесезонка,Sailun,ATREZZO 4 SEASONS PRO EV
https://prokoleso.ua/shiny/sailun/commercio-4-seasons/,всесезонка,Sailun,COMMERCIO 4 SEASONS
https://prokoleso.ua/shiny/sailun/terramax-a-t/,всесезонка,Sailun,TERRAMAX A/T
https://prokoleso.ua/shiny/sailun/terramax-m-t/,всесезонка,Sailun,TERRAMAX M/T
https://prokoleso.ua/shiny/sava/adapto/,всесезонка,Sava,Adapto
https://prokoleso.ua/shiny/sava/all-weather/,всесезонка,Sava,All Weather
https://prokoleso.ua/shiny/starmaxx/incurro-a-s-st430/,всесезонка,Starmaxx,Incurro A/S ST430
https://prokoleso.ua/shiny/starmaxx/incurro-a-t-st440/,всесезонка,Starmaxx,Incurro A/T ST440
https://prokoleso.ua/shiny/starmaxx/incurro-h-t-st450/,всесезонка,Starmaxx,Incurro H/T ST450
https://prokoleso.ua/shiny/starmaxx/maxx-out-st582/,всесезонка,Starmaxx,Maxx Out ST582
https://prokoleso.ua/ua/shiny/tigar/all-season-suv/,всесезонка,Orium,ALL Season SUV
https://prokoleso.ua/ua/shiny/tigar/all-season/,всесезонка,Orium,ALL SEASON..
https://prokoleso.ua/ua/shiny/toyo/celsius-cargo/,всесезонка,Toyo,CELSIUS CARGO
https://prokoleso.ua/ua/shiny/toyo/open-country-a-t-iii/,всесезонка,Toyo,Open Country A/T Ⅲ
https://prokoleso.ua/ua/shiny/toyo/open-country-a-t/,всесезонка,Toyo,Open Country A/T+
https://prokoleso.ua/ua/shiny/toyo/open-country-m-t/,всесезонка,Toyo,Open Country M/T
https://prokoleso.ua/ua/shiny/bfgoodrich/mud-terrain-t-a-km3/,всесезонка,Bfgoodrich,Mud Terrain T/A KM3
https://prokoleso.ua/ua/shiny/bfgoodrich/mud-terrain-t-a-km2/,всесезонка,Bfgoodrich,Mud-Terrain T/A KM2
https://prokoleso.ua/ua/shiny/continental/conticrosscontact-rx/,всесезонка,Continental,ContiCrossContact RX
https://prokoleso.ua/ua/shiny/continental/allseasoncontact/,всесезонка,Continental,AllSeasonContact
https://prokoleso.ua/ua/shiny/continental/conticrosscontact-at/,всесезонка,Continental,Conticrosscontact at
https://prokoleso.ua/ua/shiny/goodyear/vector-4-seasons-g3/,всесезонка,GoodYear,Vector 4 Seasons Gen-3
https://prokoleso.ua/ua/shiny/hankook/kinergy-4s2-h750/,всесезонка,Hankook,Kinergy 4s2 h750
https://prokoleso.ua/ua/shiny/matador/mps-400/,всесезонка,Matador,Mps 400
https://prokoleso.ua/ua/shiny/matador/mps-125/,всесезонка,Matador,MPS-125
https://prokoleso.ua/ua/shiny/pirelli/carrier-all-season/,всесезонка,Pirelli,Carrier all season
https://prokoleso.ua/ua/shiny/pirelli/cinturato-p7-all-season/,всесезонка,Pirelli,Cinturato P7 All Season
https://prokoleso.ua/shiny/triangle/ta01/,всесезонка,Triangle,TA01
https://prokoleso.ua/shiny/triangle/tr646/,всесезонка,Triangle,TR646
https://prokoleso.ua/ua/shiny/habilead/comfortmax-4s/,всесезонка,Habilead,COMFORTMAX 4S
https://prokoleso.ua/ua/shiny/habilead/rs23/,всесезонка,Habilead,RS23
https://prokoleso.ua/ua/shiny/kapsen/at02/,всесезонка,Kapsen,AT02
https://prokoleso.ua/ua/shiny/kapsen/comfortmax-4s-a4/,всесезонка,Kapsen,ComfortMax 4S A4
https://prokoleso.ua/ua/shiny/lassa/multiways/,всесезонка,Lassa,Multiways
https://prokoleso.ua/ua/shiny/premiorri/vimero/,всесезонка,Premiorri,Vimero
https://prokoleso.ua/ua/shiny/roadstone/npriz-ah5/,всесезонка,Roadstone,NPriz AH5
https://prokoleso.ua/ua/shiny/roadstone/roadian-m-t/,всесезонка,Roadstone,Roadian M/T
https://prokoleso.ua/ua/shiny/rosava/bc-24/,всесезонка,Rosava,Bc-24
https://prokoleso.ua/ua/shiny/rosava/vimero-van/,всесезонка,Rosava,Vimero-Van
https://prokoleso.ua/shiny/sava/adapto-hp/,всесезонка,Sava,Adapto HP
https://prokoleso.ua/shiny/starmaxx/prowin-st950/,всесезонка,Starmaxx,PROWIN ST950
https://prokoleso.ua/ua/shiny/continental/crosscontact-atr/,всесезонка,Continental,CrossContact ATR
https://prokoleso.ua/ua/shiny/taurus/all-season/,всесезонка,Orium,ALL SEASON.
https://prokoleso.ua/shiny/doublestar/wildtiger-t01/,всесезонка,Doublestar,Wildtiger T01
https://prokoleso.ua/shiny/doublestar/wildwolf-w01/,всесезонка,Doublestar,Wildwolf W01
https://prokoleso.ua/shiny/goodyear/vector-4-seasons-gen-3/,всесезонка,GoodYear,Vector 4 Seasons Gen-3
https://prokoleso.ua/shiny/michelin/pilot-sport-all-season-4/,всесезонка,Michelin,Pilot Sport All Season 4
https://prokoleso.ua/shiny/bfgoodrich/g-grip-all-season-2/,всесезонка,Bfgoodrich,G-Grip All Season 2
https://prokoleso.ua/shiny/laufenn/g-fit-as-lh41/,всесезонка,Laufenn,G FIT AS LH41
https://prokoleso.ua/shiny/laufenn/s-fit-as-lh01/,всесезонка,Laufenn,S FIT AS LH01
https://prokoleso.ua/shiny/matador/mps400-variant-2/,всесезонка,Matador,MPS400 Variant 2
https://prokoleso.ua/shiny/matador/mps400-variant-aw/,всесезонка,Matador,MPS400 VARIANT AW
https://prokoleso.ua/shiny/nexen/roadian-a-t/,всесезонка,Roadstone,Roadian A/T
https://prokoleso.ua/shiny/pirelli/cinturato-all-season-sf-2/,всесезонка,Pirelli,Cinturato All Season SF 2
https://prokoleso.ua/shiny/pirelli/scorpion-atr/,всесезонка,Pirelli,Scorpion ATR
https://prokoleso.ua/shiny/toyo/open-country/,всесезонка,Toyo,Open Country
https://prokoleso.ua/shiny/triangle/tr556/,всесезонка,Triangle,TR556
https://prokoleso.ua/shiny/triangle/tr608/,всесезонка,Triangle,TR608
https://prokoleso.ua/shiny/triangle/tr653/,всесезонка,Triangle,TR653
https://prokoleso.ua/shiny/triangle/tr918/,всесезонка,Triangle,TR918
https://prokoleso.ua/shiny/triangle/tra06/,всесезонка,Triangle,TRA06
https://prokoleso.ua/shiny/yokohama/geolandar-g94b/,всесезонка,Yokohama,Geolandar G94B
https://prokoleso.ua/shiny/yokohama/geolandar-h-t-g033/,всесезонка,Yokohama,Geolandar H/T G033
https://prokoleso.ua/shiny/yokohama/geolandar-h-t-g900/,всесезонка,Yokohama,Geolandar H/T G900
https://prokoleso.ua/ua/shiny/michelin/pilot-sport-4/,лето,Michelin,Pilot Sport
https://prokoleso.ua/ua/shiny/michelin/latitude-sport/,лето,Michelin,Latitude Sport
https://prokoleso.ua/ua/shiny/goodyear/duragrip/,лето,Goodyear,Duragrip
https://prokoleso.ua/ua/shiny/bridgestone/dueler-h-p-sport/,лето,Bridgestone,Dueler H/P Sport
https://prokoleso.ua/ua/shiny/bridgestone/ecopia-ep600/,лето,Bridgestone,Ecopia EP600
https://prokoleso.ua/ua/shiny/bridgestone/potenza-s001/,лето,Bridgestone,Potenza S001
https://prokoleso.ua/ua/shiny/bridgestone/potenza-sport/,лето,Bridgestone,Potenza Sport
https://prokoleso.ua/ua/shiny/bridgestone/turanza-er300a/,лето,Bridgestone,Turanza er300a
https://prokoleso.ua/ua/shiny/rydanz/roadster-r02s/,лето,Rydanz,Roadster R02S
https://prokoleso.ua/ua/shiny/bridgestone/duravis-r660-eco/,лето,Bridgestone,Duravis R660 ECO
https://prokoleso.ua/ua/shiny/michelin/energy-saver/,лето,Michelin,Energy Saver
https://prokoleso.ua/ua/shiny/michelin/pilot-sport-2/,лето,Michelin,Pilot Sport 2
https://prokoleso.ua/ua/shiny/michelin/agilis/,лето,Michelin,Agilis
https://prokoleso.ua/ua/shiny/michelin/energy-xm2-plus/,лето,Michelin,Energy XM2+
https://prokoleso.ua/ua/shiny/michelin/energy-saver-plus/,лето,Michelin,Energy Saver+
https://prokoleso.ua/ua/shiny/bridgestone/turanza-t001/,лето,Bridgestone,Turanza T001
https://prokoleso.ua/ua/shiny/bridgestone/turanza-er30/,лето,Bridgestone,Turanza er30
https://prokoleso.ua/ua/shiny/bridgestone/turanza-er300/,лето,Bridgestone,Turanza ER300
https://prokoleso.ua/shiny/comforser/cf3000/,лето,Comforser,CF3000
https://prokoleso.ua/shiny/comforser/thruster/,лето,Comforser,Thruster
https://prokoleso.ua/ua/shiny/continental/conticrosscontact-lx-sport/,лето,Continental,ContiCrossContact LX Sport
https://prokoleso.ua/ua/shiny/continental/conticrosscontact-lx20/,лето,Continental,ContiCrossContact LX20
https://prokoleso.ua/ua/shiny/continental/contipremiumcontact-2/,лето,Continental,ContiPremiumContact 2
https://prokoleso.ua/ua/shiny/continental/conticrosscontact-uhp/,лето,Continental,ContiCrossContact UHP
https://prokoleso.ua/ua/shiny/continental/contivancontact-100/,лето,Continental,ContiVanContact 100
https://prokoleso.ua/ua/shiny/continental/contisportcontact-2/,лето,Continental,ContiSportContact 2
https://prokoleso.ua/ua/shiny/continental/contisportcontact-3/,лето,Continental,ContiSportContact 3
https://prokoleso.ua/shiny/aplus/a607/,лето,Aplus,A607
https://prokoleso.ua/shiny/aplus/a608/,лето,Aplus,A608
https://prokoleso.ua/shiny/aplus/a867/,лето,Aplus,A867
https://prokoleso.ua/shiny/aplus/a929-a-t/,лето,Aplus,A929 A/T
https://prokoleso.ua/shiny/aplus/a929-m-t/,лето,Aplus,A929 M/T
https://prokoleso.ua/shiny/apollo/altrustplus/,лето,Apollo,ALTRUST+
https://prokoleso.ua/shiny/ardent/crosspower-h-t-ar07/,лето,Ardent,Crosspower H/T AR07
https://prokoleso.ua/shiny/ardent/grand-tourer-h-t/,лето,Ardent,Grand Tourer H/T
https://prokoleso.ua/shiny/ardent/promix-ap01/,лето,Ardent,Promix AP01
https://prokoleso.ua/shiny/ardent/unmix-au01/,лето,Ardent,Unmix AU01
https://prokoleso.ua/shiny/atturo/az800/,лето,Atturo,AZ800
https://prokoleso.ua/shiny/atturo/az850/,лето,Atturo,AZ850
https://prokoleso.ua/shiny/austone/athena-sp-6/,лето,Austone,Athena SP-6
https://prokoleso.ua/shiny/austone/clevanto-sp-102/,лето,Austone,CLEVANTO SP-102
https://prokoleso.ua/shiny/barum/brillantis-2/,лето,Barum,Brillantis 2
https://prokoleso.ua/shiny/barum/vanis/,лето,Barum,Vanis
https://prokoleso.ua/shiny/barum/vanis-2/,лето,Barum,Vanis 2
https://prokoleso.ua/shiny/barum/vanis-3/,лето,Barum,Vanis 3
https://prokoleso.ua/ua/shiny/continental/crosscontactlx/,лето,Continental,CrossContactLX
https://prokoleso.ua/shiny/debica/passio-2/,лето,Debica,Passio 2
https://prokoleso.ua/shiny/dunlop/econodrive/,лето,Dunlop,Econodrive
https://prokoleso.ua/shiny/ecovision/vi-286ht/,лето,Ecovision,VI-286HT
https://prokoleso.ua/shiny/ecovision/vi-386hp/,лето,Ecovision,VI-386HP
https://prokoleso.ua/shiny/falken/ziex-ze-502/,лето,Falken,Ziex ZE-502
https://prokoleso.ua/shiny/falken/ziex-ze310a/,лето,Falken,Ziex ZE310A
https://prokoleso.ua/shiny/federal/595rs-r/,лето,Federal,595RS-R
https://prokoleso.ua/shiny/federal/ss595/,лето,Federal,SS595
https://prokoleso.ua/shiny/federal/595rs-pro/,лето,Federal,595RS-PRO
https://prokoleso.ua/shiny/federal/595rs-rr/,лето,Federal,595RS-RR
https://prokoleso.ua/shiny/federal/couragia-f-x/,лето,Federal,COURAGIA F/X
https://prokoleso.ua/shiny/federal/couragia-xuv/,лето,Federal,COURAGIA XUV
https://prokoleso.ua/shiny/federal/ecovan-er02/,лето,Federal,Ecovan ER02
https://prokoleso.ua/shiny/federal/evoluzion-f60/,лето,Federal,EVOLUZION F60
https://prokoleso.ua/shiny/federal/forlima-fs-01/,лето,Federal,Forlima FS-01
https://prokoleso.ua/shiny/federal/formoza-az01/,лето,Federal,FORMOZA AZ01
https://prokoleso.ua/shiny/federal/fz-dr/,лето,Federal,FZ-DR
https://prokoleso.ua/ua/shiny/fronway/roadpower-h-t-79/,лето,Fronway,Roadpower H/T 79
https://prokoleso.ua/ua/shiny/fronway/rockblade-a-t-ii/,лето,Fronway,Rockblade A/T II
https://prokoleso.ua/ua/shiny/fronway/rockblade-m-t-i/,лето,Fronway,Rockblade M/T I
https://prokoleso.ua/ua/shiny/funtoma/roadfun-sport/,лето,Funtoma,RoadFun SPORT
https://prokoleso.ua/ua/shiny/gislaved/urban-speed/,лето,Gislaved,Urban Speed
https://prokoleso.ua/ua/shiny/gislaved/com-speed-2/,лето,Gislaved,Com Speed 2
https://prokoleso.ua/ua/shiny/goodride/sa57/,лето,Goodride,SA57
https://prokoleso.ua/ua/shiny/goodyear/eagle-f1-asymmetric-2/,лето,Goodyear,Eagle F1 Asymmetric 2
https://prokoleso.ua/ua/shiny/goodyear/efficientgrip-perfomance/,лето,Goodyear,EfficientGrip Performance
https://prokoleso.ua/ua/shiny/goodyear/duramax-g2/,лето,Goodyear,Duramax G2
https://prokoleso.ua/ua/shiny/goodyear/eagle-f1-asymmetric/,лето,Goodyear,Eagle F1 Asymmetric
https://prokoleso.ua/ua/shiny/goodyear/eagle-f1-asymmetric-3/,лето,Goodyear,Eagle F1 Asymmetric 3
https://prokoleso.ua/ua/shiny/goodyear/eagle-f1-asymmetric-5/,лето,Goodyear,Eagle F1 Asymmetric 5+
https://prokoleso.ua/ua/shiny/goodyear/efficientgrip/,лето,Goodyear,EfficientGrip
https://prokoleso.ua/ua/shiny/goodyear/efficientgrip-cargo/,лето,Goodyear,EfficientGrip Cargo
https://prokoleso.ua/ua/shiny/goodyear/efficientgrip-perfomance/,лето,Goodyear,EfficientGrip Performance+
https://prokoleso.ua/ua/shiny/goodyear/efficientgrip-suv/,лето,Goodyear,EfficientGrip SUV
https://prokoleso.ua/ua/shiny/grenlander/drak-m-t/,лето,Grenlander,DRAK M/T
https://prokoleso.ua/ua/shiny/grenlander/l-finder-78/,лето,Grenlander,L-FINDER 78
https://prokoleso.ua/ua/shiny/grenlander/l-power-28/,лето,Grenlander,L-POWER 28
https://prokoleso.ua/ua/shiny/habilead/s801-comfortmax/,лето,Habilead,S801 COMFORTMAX
https://prokoleso.ua/ua/shiny/hankook/dynapro-at2-rf11/,лето,Hankook,Dynapro AT2 RF11
https://prokoleso.ua/ua/shiny/hankook/dynapro-ht-rh12/,лето,Hankook,Dynapro ht rh12
https://prokoleso.ua/ua/shiny/hankook/ventus-prime-3-k125a/,лето,Hankook,Ventus Prime 3 K125A
https://prokoleso.ua/ua/shiny/hankook/ventus-s1-evo2-k117a-suv/,лето,Hankook,Ventus S1 evo2 K117A SUV
https://prokoleso.ua/ua/shiny/hankook/ventus-s1-evo2-k117b/,лето,Hankook,Ventus S1 evo2 K117B
https://prokoleso.ua/ua/shiny/hankook/ventus-s1-evo3-k127a-suv/,лето,Hankook,Ventus S1 Evo3 K127A SUV
https://prokoleso.ua/ua/shiny/hifly/ehf-508-sport/,лето,Hifly,eHF-508 Sport
https://prokoleso.ua/ua/shiny/hifly/hf805/,лето,Hifly,HF805
https://prokoleso.ua/ua/shiny/hifly/ht601/,лето,Hifly,HT601
https://prokoleso.ua/ua/shiny/hifly/super-2000/,лето,Hifly,SUPER 2000
https://prokoleso.ua/ua/shiny/imperial/ecosport-2/,лето,Imperial,EcoSport 2
https://prokoleso.ua/ua/shiny/imperial/ecosport-suv/,лето,Imperial,ECOSPORT SUV
https://prokoleso.ua/ua/shiny/imperial/ecovan-3/,лето,Imperial,EcoVan 3
https://prokoleso.ua/ua/shiny/kpatos/fm601/,лето,Kpatos,FM601
https://prokoleso.ua/shiny/kumho/portran-kc53/,лето,Kumho,Portran KC53.
https://prokoleso.ua/shiny/kumho/road-venture-st-kl16/,лето,Kumho,ROAD VENTURE ST KL16
https://prokoleso.ua/shiny/kumho/crugen-hp91/,лето,Kumho,Crugen HP91
https://prokoleso.ua/ua/shiny/lassa/atracta/,лето,Lassa,Atracta
https://prokoleso.ua/ua/shiny/lassa/impetus-revo/,лето,Lassa,Impetus Revo
https://prokoleso.ua/ua/shiny/lassa/competus-h-p/,лето,Lassa,Competus H/P
https://prokoleso.ua/ua/shiny/lassa/competus-h-p-2/,лето,Lassa,Competus H/P 2
https://prokoleso.ua/ua/shiny/lassa/transway/,лето,Lassa,Transway
https://prokoleso.ua/ua/shiny/linglong/comfort-master/,лето,Linglong,COMFORT MASTER
https://prokoleso.ua/ua/shiny/linglong/grip-master-c-s/,лето,Linglong,GRIP MASTER C/S
https://prokoleso.ua/ua/shiny/marshal/matrac-fx-mu12/,лето,Marshal,Matrac FX MU12
https://prokoleso.ua/ua/shiny/marshal/mh12/,лето,Marshal,MH12
https://prokoleso.ua/ua/shiny/michelin/pilot-sport-cup-2/,лето,Michelin,Pilot Sport Cup 2
https://prokoleso.ua/ua/shiny/michelin/primacy-3/,лето,Michelin,Primacy 3
https://prokoleso.ua/ua/shiny/nankang/as-1/,лето,Nankang,AS-1
https://prokoleso.ua/ua/shiny/nankang/at-5-conqueror/,лето,Nankang,AT-5 Conqueror
https://prokoleso.ua/ua/shiny/nankang/cross-sport-sp-9/,лето,Nankang,Cross Sport SP-9
https://prokoleso.ua/ua/shiny/nankang/sportnex-ns-20/,лето,Nankang,Sportnex NS-20
https://prokoleso.ua/ua/shiny/nankang/sportnex-ns-2r/,лето,Nankang,Sportnex NS-2R
https://prokoleso.ua/ua/shiny/nankang/utility-sp-7/,лето,Nankang,Utility SP-7
https://prokoleso.ua/shiny/nereus/dyntrac/,лето,Nereus,DYNTRAC
https://prokoleso.ua/shiny/nereus/ns316/,лето,Nereus,NS316
https://prokoleso.ua/shiny/nereus/sailfish-ns601/,лето,Nereus,SAILFISH NS601
https://prokoleso.ua/shiny/nexen/n-blue-s/,лето,Nexen,N'BLUE S
https://prokoleso.ua/shiny/nitto/neo-gen/,лето,Nitto,NEO GEN
https://prokoleso.ua/shiny/nitto/nt421a/,лето,Nitto,NT421A
https://prokoleso.ua/shiny/nitto/nt421q/,лето,Nitto,NT421Q
https://prokoleso.ua/shiny/onyx/ny-06/,лето,Onyx,NY-06
https://prokoleso.ua/shiny/onyx/ny-806/,лето,Onyx,NY-806
https://prokoleso.ua/shiny/onyx/ny-808/,лето,Onyx,NY-808
https://prokoleso.ua/shiny/onyx/ny-901/,лето,Onyx,NY-901
https://prokoleso.ua/shiny/ovation/vi-388/,лето,Ovation,VI-388
https://prokoleso.ua/shiny/ovation/vi-682/,лето,Ovation,VI-682
https://prokoleso.ua/shiny/ovation/vi-816/,лето,Ovation,VI-816
https://prokoleso.ua/shiny/ovation/vi-882/,лето,Ovation,VI-882
https://prokoleso.ua/ua/shiny/pirelli/pzero-corsa/,лето,Pirelli,PZero Corsa
https://prokoleso.ua/ua/shiny/pirelli/scorpion-zero-asimmetrico/,лето,Pirelli,Scorpion Zero Asimmetrico
https://prokoleso.ua/ua/shiny/powertrac/adamas-h-p/,лето,Powertrac,Adamas H/P
https://prokoleso.ua/ua/shiny/powertrac/racing-pro/,лето,Powertrac,RACING PRO
https://prokoleso.ua/shiny/rovelo/rhp780p/,лето,Rovelo,RHP780P
https://prokoleso.ua/shiny/rovelo/road-quest-h-t/,лето,Rovelo,ROAD QUEST H/T
https://prokoleso.ua/shiny/rovelo/rpx-988/,лето,Rovelo,RPX-988
https://prokoleso.ua/shiny/sailun/atrezzo-svr-lx/,лето,Sailun,ATREZZO SVR LX
https://prokoleso.ua/shiny/sailun/commercio-vx1/,лето,Sailun,COMMERCIO VX1
https://prokoleso.ua/shiny/sailun/sl87n/,лето,Sailun,SL87N
https://prokoleso.ua/shiny/sava/trenta-2/,лето,Sava,Trenta 2
https://prokoleso.ua/shiny/sonix/ecopro-99/,лето,Sonix,Ecopro 99
https://prokoleso.ua/shiny/sonix/primemarch-h-t-79/,лето,Sonix,Primemarch H/T 79
https://prokoleso.ua/shiny/sonix/primestar-66/,лето,Sonix,Primestar 66
https://prokoleso.ua/shiny/sonix/xcomfort-s7/,лето,Sonix,XComfort S7
https://prokoleso.ua/shiny/starmaxx/tolero-st330/,лето,Starmaxx,Tolero ST330
https://prokoleso.ua/ua/shiny/sunny/na305/,лето,Sunny,NA305
https://prokoleso.ua/ua/shiny/sunny/nl106/,лето,Sunny,NL106
https://prokoleso.ua/ua/shiny/sunny/nu025/,лето,Sunny,NU025
https://prokoleso.ua/ua/shiny/sunny/sas028/,лето,Sunny,SAS028
https://prokoleso.ua/ua/shiny/superia/ecoblue-van2/,лето,Superia,EcoBlue Van2
https://prokoleso.ua/ua/shiny/teraflex/citycross-h-t/,лето,Teraflex,CITYCROSS H/T
https://prokoleso.ua/ua/shiny/tercelo/sport-d1/,лето,Tercelo,Sport D1
https://prokoleso.ua/shiny/tracmax/x-privilo-h-t/,лето,Tracmax,X-privilo H/T
https://prokoleso.ua/shiny/tracmax/x-privilo-rf06/,лето,Tracmax,X-privilo RF06
https://prokoleso.ua/shiny/tracmax/x-privilo-rs01plus/,лето,Tracmax,X-privilo RS01+
https://prokoleso.ua/shiny/triangle/te307a/,лето,Triangle,TE307A
https://prokoleso.ua/shiny/triangle/th202/,лето,Triangle,TH202
https://prokoleso.ua/shiny/uniroyal/rainmax-3/,лето,Uniroyal,RainMax 3
https://prokoleso.ua/shiny/uniroyal/rainsport-3/,лето,Uniroyal,RainSport 3
https://prokoleso.ua/shiny/uniroyal/rallye-4x4-street/,лето,Uniroyal,Rallye 4x4 Street
https://prokoleso.ua/shiny/westlake/z-007/,лето,Westlake,Z-007
https://prokoleso.ua/shiny/westlake/z-107/,лето,Westlake,Z-107
https://prokoleso.ua/ua/shiny/hifly/ht601/,лето,Hifly,HT601
https://prokoleso.ua/ua/shiny/hifly/super-2000/,лето,Hifly,SUPER 2000
https://prokoleso.ua/ua/shiny/imperial/ecosport-2/,лето,Imperial,EcoSport 2
https://prokoleso.ua/ua/shiny/imperial/ecosport-suv/,лето,Imperial,ECOSPORT SUV
https://prokoleso.ua/ua/shiny/imperial/ecovan-3/,лето,Imperial,EcoVan 3
https://prokoleso.ua/ua/shiny/kpatos/fm601/,лето,Kpatos,FM601
https://prokoleso.ua/shiny/kumho/portran-kc53/,лето,Kumho,Portran KC53.
https://prokoleso.ua/shiny/kumho/road-venture-st-kl16/,лето,Kumho,ROAD VENTURE ST KL16
https://prokoleso.ua/shiny/kumho/crugen-hp91/,лето,Kumho,Crugen HP91
https://prokoleso.ua/ua/shiny/lassa/atracta/,лето,Lassa,Atracta
https://prokoleso.ua/ua/shiny/lassa/impetus-revo/,лето,Lassa,Impetus Revo
https://prokoleso.ua/ua/shiny/lassa/competus-h-p/,лето,Lassa,Competus H/P
https://prokoleso.ua/ua/shiny/lassa/competus-h-p-2/,лето,Lassa,Competus H/P 2
https://prokoleso.ua/ua/shiny/lassa/transway/,лето,Lassa,Transway
https://prokoleso.ua/ua/shiny/linglong/comfort-master/,лето,Linglong,COMFORT MASTER
https://prokoleso.ua/ua/shiny/linglong/grip-master-c-s/,лето,Linglong,GRIP MASTER C/S
https://prokoleso.ua/ua/shiny/marshal/matrac-fx-mu12/,лето,Marshal,Matrac FX MU12
https://prokoleso.ua/ua/shiny/marshal/mh12/,лето,Marshal,MH12
https://prokoleso.ua/ua/shiny/michelin/pilot-sport-cup-2/,лето,Michelin,Pilot Sport Cup 2
https://prokoleso.ua/ua/shiny/michelin/primacy-3/,лето,Michelin,Primacy 3
https://prokoleso.ua/ua/shiny/nankang/as-1/,лето,Nankang,AS-1
https://prokoleso.ua/ua/shiny/nankang/at-5-conqueror/,лето,Nankang,AT-5 Conqueror
https://prokoleso.ua/ua/shiny/nankang/cross-sport-sp-9/,лето,Nankang,Cross Sport SP-9
https://prokoleso.ua/ua/shiny/nankang/sportnex-ns-20/,лето,Nankang,Sportnex NS-20
https://prokoleso.ua/ua/shiny/nankang/sportnex-ns-2r/,лето,Nankang,Sportnex NS-2R
https://prokoleso.ua/ua/shiny/nankang/utility-sp-7/,лето,Nankang,Utility SP-7
https://prokoleso.ua/shiny/nereus/dyntrac/,лето,Nereus,DYNTRAC
https://prokoleso.ua/shiny/nereus/ns316/,лето,Nereus,NS316
https://prokoleso.ua/shiny/nereus/sailfish-ns601/,лето,Nereus,SAILFISH NS601
https://prokoleso.ua/shiny/nexen/n-blue-s/,лето,Nexen,N'BLUE S
https://prokoleso.ua/shiny/nitto/neo-gen/,лето,Nitto,NEO GEN
https://prokoleso.ua/shiny/nitto/nt421a/,лето,Nitto,NT421A
https://prokoleso.ua/shiny/nitto/nt421q/,лето,Nitto,NT421Q
https://prokoleso.ua/shiny/onyx/ny-06/,лето,Onyx,NY-06
https://prokoleso.ua/shiny/onyx/ny-806/,лето,Onyx,NY-806
https://prokoleso.ua/shiny/onyx/ny-808/,лето,Onyx,NY-808
https://prokoleso.ua/shiny/onyx/ny-901/,лето,Onyx,NY-901
https://prokoleso.ua/shiny/ovation/vi-388/,лето,Ovation,VI-388
https://prokoleso.ua/shiny/ovation/vi-682/,лето,Ovation,VI-682
https://prokoleso.ua/shiny/ovation/vi-816/,лето,Ovation,VI-816
https://prokoleso.ua/shiny/ovation/vi-882/,лето,Ovation,VI-882
https://prokoleso.ua/ua/shiny/pirelli/pzero-corsa/,лето,Pirelli,PZero Corsa
https://prokoleso.ua/ua/shiny/pirelli/scorpion-zero-asimmetrico/,лето,Pirelli,Scorpion Zero Asimmetrico
https://prokoleso.ua/ua/shiny/powertrac/adamas-h-p/,лето,Powertrac,Adamas H/P
https://prokoleso.ua/ua/shiny/powertrac/racing-pro/,лето,Powertrac,RACING PRO
https://prokoleso.ua/shiny/rovelo/rhp780p/,лето,Rovelo,RHP780P
https://prokoleso.ua/shiny/rovelo/road-quest-h-t/,лето,Rovelo,ROAD QUEST H/T
https://prokoleso.ua/shiny/rovelo/rpx-988/,лето,Rovelo,RPX-988
https://prokoleso.ua/shiny/sailun/atrezzo-svr-lx/,лето,Sailun,ATREZZO SVR LX
https://prokoleso.ua/shiny/sailun/commercio-vx1/,лето,Sailun,COMMERCIO VX1
https://prokoleso.ua/shiny/sailun/sl87n/,лето,Sailun,SL87N
https://prokoleso.ua/shiny/sava/trenta-2/,лето,Sava,Trenta 2
https://prokoleso.ua/shiny/sonix/ecopro-99/,лето,Sonix,Ecopro 99
https://prokoleso.ua/shiny/sonix/primemarch-h-t-79/,лето,Sonix,Primemarch H/T 79
https://prokoleso.ua/shiny/sonix/primestar-66/,лето,Sonix,Primestar 66
https://prokoleso.ua/shiny/sonix/xcomfort-s7/,лето,Sonix,XComfort S7
https://prokoleso.ua/shiny/starmaxx/tolero-st330/,лето,Starmaxx,Tolero ST330
https://prokoleso.ua/ua/shiny/sunny/na305/,лето,Sunny,NA305
https://prokoleso.ua/ua/shiny/sunny/nl106/,лето,Sunny,NL106
https://prokoleso.ua/ua/shiny/sunny/nu025/,лето,Sunny,NU025
https://prokoleso.ua/ua/shiny/sunny/sas028/,лето,Sunny,SAS028
https://prokoleso.ua/ua/shiny/superia/ecoblue-van2/,лето,Superia,EcoBlue Van2
https://prokoleso.ua/ua/shiny/teraflex/citycross-h-t/,лето,Teraflex,CITYCROSS H/T
https://prokoleso.ua/ua/shiny/tercelo/sport-d1/,лето,Tercelo,Sport D1
https://prokoleso.ua/shiny/tracmax/x-privilo-h-t/,лето,Tracmax,X-privilo H/T
https://prokoleso.ua/shiny/tracmax/x-privilo-rf06/,лето,Tracmax,X-privilo RF06
https://prokoleso.ua/shiny/tracmax/x-privilo-rs01plus/,лето,Tracmax,X-privilo RS01+
https://prokoleso.ua/shiny/triangle/te307a/,лето,Triangle,TE307A
https://prokoleso.ua/shiny/triangle/th202/,лето,Triangle,TH202
https://prokoleso.ua/shiny/uniroyal/rainmax-3/,лето,Uniroyal,RainMax 3
https://prokoleso.ua/shiny/uniroyal/rainsport-3/,лето,Uniroyal,RainSport 3
https://prokoleso.ua/shiny/uniroyal/rallye-4x4-street/,лето,Uniroyal,Rallye 4x4 Street
https://prokoleso.ua/shiny/westlake/z-007/,лето,Westlake,Z-007
https://prokoleso.ua/shiny/westlake/z-107/,лето,Westlake,Z-107
https://prokoleso.ua/ua/shiny/bridgestone/blizzak-lm-500/,зима,Bridgestone,BLIZZAK LM-500
https://prokoleso.ua/ua/shiny/bridgestone/blizzak-dm-v2/,зима,Bridgestone,Blizzak dm-v2
https://prokoleso.ua/ua/shiny/bridgestone/blizzak-dm-v1/,зима,Bridgestone,Blizzak dm-v1
https://prokoleso.ua/ua/shiny/bridgestone/blizzak-lm-001/,зима,Bridgestone,Blizzak LM-001
https://prokoleso.ua/ua/shiny/nokian/hakkapeliitta-8/,зима,Nokian Tyres,Hakkapeliitta 8
https://prokoleso.ua/ua/shiny/nokian/hakkapeliitta-8-suv/,зима,Nokian Tyres,Hakkapeliitta 8 SUV
https://prokoleso.ua/ua/shiny/nokian/nordman-8/,зима,Nokian Tyres,Nordman 8
https://prokoleso.ua/ua/shiny/continental/contiwintercontact-ts810s/,зима,Continental,Contiwintercontact ts810s
https://prokoleso.ua/ua/shiny/goodyear/nordic-ug500/,зима,Goodyear,Nordic UG500
https://prokoleso.ua/ua/shiny/hankook/winter-i-pike-rw11/,зима,Hankook,Winter I*Pike RW11
https://prokoleso.ua/ua/shiny/hankook/winter-i-pike-rw15/,зима,Hankook,WiNter i*Pike RW15
https://prokoleso.ua/ua/shiny/hankook/winter-icept-evo-w310b/,зима,Hankook,Winter icept evo w310b
https://prokoleso.ua/ua/shiny/pirelli/winter-210-sottozero-2/,зима,Pirelli,Winter 210 Sottozero 2
https://prokoleso.ua/ua/shiny/pirelli/scorpion-ice-snow/,зима,Pirelli,Scorpion Ice & Snow
https://prokoleso.ua/ua/shiny/cooper/discoverer-winter/,зима,Cooper,Discoverer Winter
https://prokoleso.ua/ua/shiny/cooper/weather-master-wsc/,зима,Cooper,Weather-Master WSC
https://prokoleso.ua/shiny/apollo/alnac-4g-winter/,зима,Apollo,ALNAC 4G WINTER
https://prokoleso.ua/shiny/ardent/snowcross-aw02/,зима,Ardent,Snowcross AW02
https://prokoleso.ua/shiny/ardent/snowhawk-aw01/,зима,Ardent,Snowhawk AW01
https://prokoleso.ua/shiny/atturo/aw730-ice/,зима,Atturo,AW730 Ice
https://prokoleso.ua/shiny/austone/glacia-snow/,зима,Austone,GLACIA SNOW
https://prokoleso.ua/shiny/austone/skadi-sp-902/,зима,Austone,SKADI SP-902
https://prokoleso.ua/shiny/austone/sp-901/,зима,Austone,SP-901
https://prokoleso.ua/shiny/ecovision/wv-06/,зима,Ecovision,WV-06
https://prokoleso.ua/shiny/farroad/frd75/,зима,Farroad,FRD75
https://prokoleso.ua/shiny/farroad/frd78/,зима,Farroad,FRD78
https://prokoleso.ua/shiny/farroad/frd79/,зима,Farroad,FRD79
https://prokoleso.ua/shiny/federal/glacier-gc01/,зима,Federal,Glacier GC01
https://prokoleso.ua/shiny/federal/himalaya-inverno/,зима,Federal,HIMALAYA INVERNO
https://prokoleso.ua/shiny/federal/himalaya-inverno-k1/,зима,Federal,HIMALAYA INVERNO K1
https://prokoleso.ua/shiny/federal/himalaya-suv/,зима,Federal,HIMALAYA SUV
https://prokoleso.ua/shiny/federal/himalaya-ws2/,зима,Federal,HIMALAYA WS2
https://prokoleso.ua/shiny/federal/himalaya-ws3/,зима,Federal,HIMALAYA WS3
https://prokoleso.ua/ua/shiny/goodride/sw618/,зима,Goodride,SW618
https://prokoleso.ua/shiny/westlake/sw628/,зима,Westlake,SW628
https://prokoleso.ua/shiny/westlake/z-507/,зима,Westlake,Z-507
https://prokoleso.ua/shiny/zeetex/wp1000-s/,зима,Zeetex,WP1000-S
https://prokoleso.ua/ua/shiny/fronway/icepower-868/,зима,Fronway,Icepower 868
https://prokoleso.ua/ua/shiny/fronway/icepower-989/,зима,Fronway,Icepower 989
https://prokoleso.ua/ua/shiny/fulda/kristall-montero-2/,зима,Fulda,Kristall Montero 2
https://prokoleso.ua/ua/shiny/gislaved/euro-frost-van/,зима,Gislaved,Euro Frost Van
https://prokoleso.ua/ua/shiny/grenlander/icedefensor-stud-i/,зима,Grenlander,IceDefensor Stud I
https://prokoleso.ua/ua/shiny/grenlander/icedefensor-stud-ii/,зима,Grenlander,IceDefensor Stud II
https://prokoleso.ua/ua/shiny/grenlander/icehawke-i/,зима,Grenlander,IceHawke I
https://prokoleso.ua/ua/shiny/hifly/vigorous-wp801/,зима,Hifly,VIGOROUS WP801
https://prokoleso.ua/ua/shiny/hifly/win-transit/,зима,Hifly,Win-transit
https://prokoleso.ua/ua/shiny/hifly/win-turi-212/,зима,Hifly,WIN-TURI 212
https://prokoleso.ua/ua/shiny/kapsen/rw505/,зима,Kapsen,RW505
https://prokoleso.ua/ua/shiny/kapsen/rw506/,зима,Kapsen,RW506
https://prokoleso.ua/ua/shiny/kapsen/rw516/,зима,Kapsen,RW516
https://prokoleso.ua/ua/shiny/kormoran/stud-2/,зима,Kormoran,Stud 2
https://prokoleso.ua/ua/shiny/kormoran/suv-stud/,зима,Kormoran,SUV Stud
https://prokoleso.ua/ua/shiny/marshal/mw31/,зима,Marshal,MW31
https://prokoleso.ua/ua/shiny/michelin/agilis-alpin/,зима,Michelin,Agilis Alpin
https://prokoleso.ua/ua/shiny/mirage/mr-w662/,зима,Mirage,MR-W662
https://prokoleso.ua/ua/shiny/nankang/essn-1/,зима,Nankang,ESSN-1
https://prokoleso.ua/ua/shiny/nankang/ice-activa-aw-1/,зима,Nankang,Ice Activa AW-1
https://prokoleso.ua/shiny/nereus/ns805/,зима,Nereus,NS805
https://prokoleso.ua/shiny/nereus/sclaw-ns806/,зима,Nereus,SCLAW NS806
https://prokoleso.ua/shiny/petlas/snowmaster-2/,зима,Petlas,Snowmaster 2
https://prokoleso.ua/shiny/petlas/snowmaster-2-sport/,зима,Petlas,Snowmaster 2 Sport
https://prokoleso.ua/ua/shiny/powertrac/snowstar/,зима,Powertrac,SnowStar
https://prokoleso.ua/ua/shiny/powertrac/snowtour/,зима,Powertrac,SnowTour
https://prokoleso.ua/ua/shiny/powertrac/snowstar-pro/,зима,Powertrac,SnowStar Pro
https://prokoleso.ua/shiny/sailun/endure-wsl1/,зима,Sailun,ENDURE WSL1
https://prokoleso.ua/shiny/sailun/ice-blazer-wst3/,зима,Sailun,ICE BLAZER WST3
https://prokoleso.ua/shiny/sava/eskimo-lt/,зима,Sava,Eskimo LT
https://prokoleso.ua/shiny/sava/eskimo-stud/,зима,Sava,Eskimo Stud
https://prokoleso.ua/shiny/sonix/snowrover-868/,зима,Sonix,SnowRover 868
https://prokoleso.ua/shiny/sonix/winterxpro-888/,зима,Sonix,Winterxpro 888
https://prokoleso.ua/ua/shiny/tercelo/blue-snow/,зима,Tercelo,Blue Snow
https://prokoleso.ua/ua/shiny/sunny/nw611/,зима,Sunny,NW611
https://prokoleso.ua/ua/shiny/superia/bluewin/,зима,Superia,BlueWin
https://prokoleso.ua/ua/shiny/superia/bluewin-2-suv/,зима,Superia,BlueWin 2 SUV
https://prokoleso.ua/ua/shiny/superia/bluewin-hp/,зима,Superia,BlueWin HP
https://prokoleso.ua/ua/shiny/superia/bluewin-uhp/,зима,Superia,BlueWin UHP
https://prokoleso.ua/ua/shiny/goodyear/wrangler-at-s/,всесезонка,GoodYear,Wrangler AT/S
https://prokoleso.ua/ua/shiny/cooper/discoverer-at3-sport-2/,всесезонка,Cooper,Discoverer AT3 Sport 2
https://prokoleso.ua/ua/shiny/cooper/discoverer-s-t-maxx/,всесезонка,Cooper,Discoverer S/T Maxx
https://prokoleso.ua/ua/shiny/cooper/discoverer-stt-pro/,всесезонка,Cooper,Discoverer STT Pro
https://prokoleso.ua/ua/shiny/cooper/evolution-mtt/,всесезонка,Cooper,Evolution MTT
https://prokoleso.ua/shiny/kumho/road-venture-mt51/,всесезонка,Marshal,Road Venture MT51
https://prokoleso.ua/shiny/aplus/shredder-rt/,всесезонка,Aplus,SHREDDER RT
https://prokoleso.ua/shiny/atlander/roverclaw-a-t/,всесезонка,Atlander,Roverclaw A/T
https://prokoleso.ua/shiny/atlander/roverclaw-m-t-i/,всесезонка,Atlander,Roverclaw M/T I
https://prokoleso.ua/shiny/atturo/trail-blade-mts/,всесезонка,Atturo,Trail Blade MTS
https://prokoleso.ua/shiny/atturo/trail-blade-x-t/,всесезонка,Atturo,Trail Blade X/T
https://prokoleso.ua/shiny/austone/csc-401/,всесезонка,Austone,CSC-401
https://prokoleso.ua/shiny/austone/durato-4s/,всесезонка,Austone,DURATO 4S
https://prokoleso.ua/shiny/austone/fixclime-sp-401/,всесезонка,Austone,FIXCLIME SP-401
https://prokoleso.ua/shiny/dunlop/grandtrek-at30-touring/,всесезонка,Dunlop,Grandtrek AT30 Touring
https://prokoleso.ua/shiny/dunlop/sport-all-season/,всесезонка,Dunlop,Sport All Season
https://prokoleso.ua/shiny/ecovision/vi-186mt/,всесезонка,Ovation,VI-186MT
https://prokoleso.ua/shiny/ecovision/vi-286at/,всесезонка,Ecovision,VI-286AT
https://prokoleso.ua/shiny/ecovision/vi-286mt/,всесезонка,Ecovision,VI-286MT
https://prokoleso.ua/shiny/ecovision/vi-686-at/,всесезонка,Ecovision,VI-686 AT
https://prokoleso.ua/shiny/federal/xplora-a-p/,всесезонка,Federal,XPLORA A/P
https://prokoleso.ua/shiny/tracmax/rf19/,всесезонка,Tracmax,RF19
https://prokoleso.ua/shiny/tracmax/x-privilo-at01/,всесезонка,Tracmax,X-privilo AT01
https://prokoleso.ua/shiny/tracmax/x-privilo-m-t/,всесезонка,Tracmax,X-privilo M/T
https://prokoleso.ua/shiny/triangle/seasonx-ta01/,всесезонка,Triangle,SeasonX TA01
https://prokoleso.ua/shiny/triangle/ta702/,всесезонка,Triangle,TA702
https://prokoleso.ua/shiny/triangle/tr292/,всесезонка,Triangle,TR292
https://prokoleso.ua/shiny/viking/fourtech-van/,всесезонка,Viking,FourTech Van
https://prokoleso.ua/shiny/vredestein/quatrac/,всесезонка,Vredestein,Quatrac
https://prokoleso.ua/shiny/westlake/sl369-a-t/,всесезонка,Westlake,SL369 A/T
https://prokoleso.ua/shiny/westlake/su318-h-t/,всесезонка,Westlake,SU318 H/T
https://prokoleso.ua/shiny/westlake/z-401/,всесезонка,Westlake,Z-401
https://prokoleso.ua/ua/shiny/fronway/duraplus36/,всесезонка,Fronway,Duraplus36
https://prokoleso.ua/ua/shiny/fronway/rockhunter-m-t/,всесезонка,Fronway,Rockhunter M/T
https://prokoleso.ua/shiny/onyx/ny-at187/,всесезонка,Onyx,NY-AT187
https://prokoleso.ua/ua/shiny/powertrac/power-lander-a-t/,всесезонка,Powertrac,Power Lander A/T
https://prokoleso.ua/ua/shiny/powertrac/power-rover-m-t/,всесезонка,Powertrac,Power Rover M/T
https://prokoleso.ua/ua/shiny/powertrac/wildranger-a-t/,всесезонка,Powertrac,WildRanger A/T
https://prokoleso.ua/ua/shiny/powertrac/wildranger-m-t/,всесезонка,Powertrac,WildRanger M/T
https://prokoleso.ua/ua/shiny/radar/renegade-r-t/,всесезонка,Radar,Renegade R/T+
https://prokoleso.ua/ua/shiny/roadmarch/primemax-a-t-ii/,всесезонка,Roadmarch,Primemax A/T II
https://prokoleso.ua/ua/shiny/rosava/bc-15/,всесезонка,Rosava,BC-15
https://prokoleso.ua/ua/shiny/rosava/bc-48/,всесезонка,Rosava,BC-48
https://prokoleso.ua/ua/shiny/rosava/ya-245-1/,всесезонка,Rosava,Я-245-1.
https://prokoleso.ua/shiny/sonix/primemaster-m-t-ii/,всесезонка,Sonix,Primemaster M/T II
https://prokoleso.ua/shiny/sonix/primemaster-r-t/,всесезонка,Sonix,PrimeMaster R/T
https://prokoleso.ua/shiny/sonix/primemax-a-t-ii/,всесезонка,Roadmarch,Primemax A/T II
https://prokoleso.ua/shiny/sportrak/sp782-r-t/,всесезонка,Sportrak,SP782 R/T